-- phpMyAdmin SQL Dump
-- version 5.2.1
-- https://www.phpmyadmin.net/
--
-- Hรดte : 127.0.0.1
-- Gรฉnรฉrรฉ le : dim. 14 dรฉc. 2025 ร 23:08
-- Version du serveur : 10.4.32-MariaDB
-- Version de PHP : 8.2.12

SET SQL_MODE = "NO_AUTO_VALUE_ON_ZERO";
START TRANSACTION;
SET time_zone = "+00:00";


/*!40101 SET @OLD_CHARACTER_SET_CLIENT=@@CHARACTER_SET_CLIENT */;
/*!40101 SET @OLD_CHARACTER_SET_RESULTS=@@CHARACTER_SET_RESULTS */;
/*!40101 SET @OLD_COLLATION_CONNECTION=@@COLLATION_CONNECTION */;
/*!40101 SET NAMES utf8mb4 */;

--
-- Base de donnรฉes : `dz_public_library_trea`
--

-- --------------------------------------------------------

--
-- Doublure de structure pour la vue `active_loans_view`
-- (Voir ci-dessous la vue rรฉelle)
--
CREATE TABLE `active_loans_view` (
`loan_id` int(11)
,`loan_date` date
,`due_date` date
,`fine_amount` decimal(10,2)
,`days_overdue` int(7)
,`member_name` varchar(150)
,`member_email` varchar(150)
,`card_number` varchar(50)
,`phone` varchar(50)
,`book_title` varchar(255)
,`isbn` varchar(50)
,`copy_code` varchar(100)
,`loan_status` varchar(8)
);

-- --------------------------------------------------------

--
-- Structure de la table `activity_logs`
--

CREATE TABLE `activity_logs` (
  `id` int(11) NOT NULL,
  `user_id` int(11) DEFAULT NULL,
  `action` varchar(255) NOT NULL,
  `details` text DEFAULT NULL,
  `ip_address` varchar(45) DEFAULT NULL,
  `created_at` timestamp NULL DEFAULT current_timestamp()
) ENGINE=InnoDB DEFAULT CHARSET=utf8mb4 COLLATE=utf8mb4_unicode_ci;

--
-- Dรฉchargement des donnรฉes de la table `activity_logs`
--

INSERT INTO `activity_logs` (`id`, `user_id`, `action`, `details`, `ip_address`, `created_at`) VALUES
(1, 1, 'ุชุญุฏูุซ ุฅุนุฏุงุฏุงุช ุงููุธุงู', '{\"updated_count\":19}', '::1', '2025-12-07 13:06:26'),
(2, 1, 'ุชุญุฏูุซ ุฅุนุฏุงุฏุงุช ุงููุธุงู', '{\"updated_count\":2}', '::1', '2025-12-07 13:07:26'),
(3, 1, 'ุชุญุฏูุซ ุฅุนุฏุงุฏุงุช ุงููุธุงู', '{\"updated_count\":2}', '::1', '2025-12-07 13:08:14'),
(4, 1, 'ุชุญุฏูุซ ุฅุนุฏุงุฏุงุช ุงููุธุงู', '{\"updated_count\":9}', '::1', '2025-12-07 13:12:39'),
(5, 1, 'ุชุญุฏูุซ ุฅุนุฏุงุฏุงุช ุงููุธุงู', '{\"updated_count\":1}', '::1', '2025-12-07 13:13:37'),
(6, 1, 'ุชุญุฏูุซ ุฅุนุฏุงุฏุงุช ุงููุธุงู', '{\"updated_count\":0}', '::1', '2025-12-07 13:14:43'),
(7, 1, 'ุชุญุฏูุซ ุฅุนุฏุงุฏุงุช ุงููุธุงู', '{\"updated_count\":0}', '::1', '2025-12-07 13:15:03'),
(8, 1, 'ุชุญุฏูุซ ุฅุนุฏุงุฏุงุช ุงููุธุงู', '{\"updated_count\":2}', '::1', '2025-12-07 14:33:16'),
(9, 1, 'ุชุญุฏูุซ ุฅุนุฏุงุฏุงุช ุงููุธุงู', '{\"updated_count\":2}', '::1', '2025-12-07 14:33:53'),
(10, 1, 'ุชุญุฏูุซ ุฅุนุฏุงุฏุงุช ุงููุธุงู', '{\"updated_count\":1}', '::1', '2025-12-07 14:34:24'),
(11, 1, 'ุชุญุฏูุซ ุฅุนุฏุงุฏุงุช ุงููุธุงู', '{\"updated_count\":1}', '::1', '2025-12-07 14:34:50'),
(12, 1, 'ุชุญุฏูุซ ุฅุนุฏุงุฏุงุช ุงููุธุงู', '{\"updated_count\":2}', '::1', '2025-12-07 14:36:13'),
(13, 1, 'ุชุญุฏูุซ ุฅุนุฏุงุฏุงุช ุงููุธุงู', '{\"updated_count\":1}', '::1', '2025-12-07 14:41:01'),
(14, 1, 'ุชุญุฏูุซ ุฅุนุฏุงุฏุงุช ุงููุธุงู', '{\"updated_count\":0}', '::1', '2025-12-07 14:45:52'),
(15, 1, 'ุชุญุฏูุซ ุฅุนุฏุงุฏุงุช ุงููุธุงู', '{\"updated_count\":1}', '::1', '2025-12-07 15:32:03'),
(16, 1, 'ุชุญุฏูุซ ุฅุนุฏุงุฏุงุช ุงููุธุงู', '{\"updated_count\":1}', '::1', '2025-12-07 15:33:34'),
(17, 1, 'ุชุญุฏูุซ ุฅุนุฏุงุฏุงุช ุงููุธุงู', '{\"updated_count\":1}', '::1', '2025-12-07 16:17:50'),
(18, 1, 'ุชุญุฏูุซ ุฅุนุฏุงุฏุงุช ุงููุธุงู', '{\"updated_count\":2}', '::1', '2025-12-07 17:35:20'),
(19, 1, 'ุชุญุฏูุซ ุฅุนุฏุงุฏุงุช ุงููุธุงู', '{\"updated_count\":1}', '::1', '2025-12-07 19:37:52'),
(20, 1, 'ุชุญุฏูุซ ุฅุนุฏุงุฏุงุช ุงููุธุงู', '{\"updated_count\":3}', '::1', '2025-12-11 19:31:23'),
(21, 1, 'ุชุญุฏูุซ ุฅุนุฏุงุฏุงุช ุงููุธุงู', '{\"updated_count\":1}', '::1', '2025-12-11 19:33:41'),
(22, 1, 'ุชุญุฏูุซ ุฅุนุฏุงุฏุงุช ุงููุธุงู', '{\"updated_count\":1}', '::1', '2025-12-11 19:35:33');

-- --------------------------------------------------------

--
-- Structure de la table `announcements`
--

CREATE TABLE `announcements` (
  `id` int(11) NOT NULL,
  `title` varchar(200) NOT NULL,
  `content` text NOT NULL,
  `type` enum('text','image','video') DEFAULT 'text',
  `media_file` varchar(255) DEFAULT NULL,
  `video_url` varchar(500) DEFAULT NULL,
  `icon` varchar(50) DEFAULT 'bell',
  `summary` text DEFAULT NULL,
  `status` enum('active','inactive') DEFAULT 'active',
  `created_at` timestamp NOT NULL DEFAULT current_timestamp(),
  `updated_at` timestamp NOT NULL DEFAULT current_timestamp() ON UPDATE current_timestamp()
) ENGINE=InnoDB DEFAULT CHARSET=utf8mb4 COLLATE=utf8mb4_unicode_ci;

--
-- Dรฉchargement des donnรฉes de la table `announcements`
--

INSERT INTO `announcements` (`id`, `title`, `content`, `type`, `media_file`, `video_url`, `icon`, `summary`, `status`, `created_at`, `updated_at`) VALUES
(6, 'ุฏุนูุฉ', 'ูู ุฅุทุงุฑ ุงูุชุธุงูุฑุฉ ุงูุซูุงููุฉ ููุชุฏู ุงููุชุงุจุ ุชุชุดุฑูู ุงูููุชุจุฉ ุงูุฑุฆูุณูุฉ ูููุทุงูุนุฉ ุงูุนููููุฉ ูุฑููุฉ - Bplpo  ุจุฏุนูุชูู ูุญุถูุฑ ุฌูุณุฉ ูุฑุงุกุฉ ูุตุตูุฉ ุจุนููุงู:\r\n\"ูู ุฐูุฑุงู ุฃูุซู\" \r\nููุฃุณุชุงุฐุฉ ููุงู ุชูู.\r\n๐๏ธ ููู ุงูุซูุงุซุงุก 28 ุฃูุชูุจุฑ 2025\r\n๐ ุนูู ุงูุณุงุนุฉ 14:30 ุจุนุฏ ุงูุฒูุงู\r\n๐ ุจุงูููุชุจุฉ ุงูุฑุฆูุณูุฉ โ ูุฑููุฉ\r\nููููุง ุนูู ููุนุฏ ูุน ูุญุธุงุช ุฃุฏุจูุฉ ุฑุงููุฉ ููุฑุงุกุงุช ุชูุจุถ ุจุงูุฅุจุฏุงุน', 'image', '6933486db2f881764968557.jpg', '', 'bell', 'ูู ุฅุทุงุฑ ุงูุชุธุงูุฑุฉ ุงูุซูุงููุฉ ููุชุฏู ุงููุชุงุจุ ุชุชุดุฑูู ุงูููุชุจุฉ ุงูุฑุฆูุณูุฉ ูููุทุงูุนุฉ ุงูุนููููุฉ ูุฑููุฉ - Bplpo  ุจุฏุนูุชูู ูุญุถูุฑ ุฌูุณุฉ ูุฑุงุกุฉ ูุตุตูุฉ ุจุนููุงู:\r\n\"ูู ุฐูุฑุงู ุฃูุซ', 'active', '2025-12-05 21:02:37', '2025-12-05 21:02:37'),
(7, 'ุฏูุฑุฉ ุชุฏุฑูุจูุฉ \"ุงูููููุฉ ุงูููุฑูุฉ: ูุฑุตุฉ ูููุคุณุณุงุช ุงููุงุดุฆุฉ ูุงููุตุบุฑุฉ\"', 'ุฏุนูุงู ููุงุจุชูุงุฑ ูุชุฃูููุงู ูุญููููุง ูุฒูุงุฏุฉ ูุฑุต ูููููุง ุจุงูุงุณุชูุงุฏุฉ ูู ุฃุฏูุงุช ุงูููููุฉ ุงูููุฑูุฉุ ููุธู ุงูุฏููุงู ุงููุทูู ูุญููู ุงููุคูู ูุงูุญููู ุงููุฌุงูุฑุฉ ุจุงูุชุนุงูู ูุน ุงููุนูุฏ ุงููุทูู ุงูุฌุฒุงุฆุฑู ููููููุฉ ุงูุตูุงุนูุฉ ูุจุงูุดุฑุงูุฉ ูุน ุฃูุงุฏูููุฉ ุงูููุธูุฉ ุงูุนุงูููุฉ ููููููุฉ ุงูููุฑูุฉ \"ููุจู\"ุ ุฏูุฑุฉ ุชุฏุฑูุจูุฉ ููุงุฆุฏุฉ ุฃุตุญุงุจ ุงููุคุณุณุงุช ุงููุงุดุฆุฉ ูุงูููุตุบุฑุฉ ุงูุฌุฒุงุฆุฑูุฉ ุชุญุช ุนููุงู: \"ุงูููููุฉ ุงูููุฑูุฉ: ูุฑุตุฉู ูููุคุณุณุงุช ุงููุงุดุฆุฉ ูุงูููุตุบุฑุฉ\".\r\n       ุงูุฏูุฑุฉ ุงูุชู ููุดุทูุง ุฎุจุฑุงุก ููุฎุชุตูู ุฌุฒุงุฆุฑููู ูุฏููููู ูู ุงููุคุณุณุงุช ุงูุซูุงุซุ ุชูุทูู ูู ุงูู8 ุฏูุณูุจุฑ 2025 ูุชุณุชูุฑ ุฅูู ุบุงูุฉ ุงูู11 ูู ููุณ ุงูุดูุฑุ\r\n   ูุชุฑุฉ ุงูุชุณุฌููุงุช ุญูุฏุฏุช ุจูู 18 ู24 ููููุจุฑ 2025.\r\n ุฑุงุจุท ุงูุชุณุฌูู:\r\nhttps://2u.pw/d9lAok', 'image', '693b18030d34d1765480451.jpeg', '', 'bell', 'ุฏุนูุงู ููุงุจุชูุงุฑ ูุชุฃูููุงู ูุญููููุง ูุฒูุงุฏุฉ ูุฑุต ูููููุง ุจุงูุงุณุชูุงุฏุฉ ูู ุฃุฏูุงุช ุงูููููุฉ ุงูููุฑูุฉุ ููุธู ุงูุฏููุงู ุงููุทูู ูุญููู ุงููุคูู ูุงูุญููู ุงููุฌุงูุฑุฉ ุจุงูุชุนุงูู ูุน ุง', 'active', '2025-12-11 19:14:11', '2025-12-11 19:14:11'),
(8, 'ูุชุญ ุจุงุจ ุงูุชุฑุดุญ ููุงูุถูุงู ุฅูู ูุงุฆูุฉ ุงููุณุทุงุก ูู ุญููู ุงููุคูู ูุงูุญููู ุงููุฌุงูุฑุฉ', 'ูู ุฅุทุงุฑ ุจุฑูุงูุฌ ุงูุฏููุงู ุงููุทูู ูุญููู ุงููุคูู ูุงูุญููู ุงููุฌุงูุฑุฉ (ONDA) ูุจุฏุนู ูุดุฑุงูุฉ ุงูููุธูุฉ ุงูุนุงูููุฉ ููููููุฉ ุงูููุฑูุฉ(OMPI) ุ ูุนูู ุนู ูุชุญ ุจุงุจ ุงูุชุฑุดุญ ููุงูุถูุงู ุฅูู ูุงุฆูุฉ ุงููุณุทุงุก ุงููุชุฎุตุตูู ูู ุญููู ุงููุคูู ูุงูุญููู ุงููุฌุงูุฑุฉ ูู ุงูุฌุฒุงุฆุฑุ ุงูุฐูู ูููู ุชุนููููู ูู ุฅุฌุฑุงุกุงุช ุชุณููุฉ ุงูููุงุฒุนุงุช ุฎุงุฑุฌ ุงููุถุงุก.\r\n\r\nููุฏูุฉ:\r\n       ุงููุณุงุทุฉ ูู ุฃุฏุงุฉ ูุงูุฉ ูุญู ุงูููุงุฒุนุงุช ูู ูุฌุงู ุญููู ุงููุคูู ูุงูุญููู ุงููุฌุงูุฑุฉุ ูุฃููุง ุชูุฏู ุจุฏููุงู ูุนุงูุงู ูุณุจู ูุจุงุดุฑุฉ ุงูุฅุฌุฑุงุกุงุช ุงููุถุงุฆูุฉ ูู ุฎูุงู ุชูููู ุงูุฃุทุฑุงู ุงููุชูุงุฒุนุฉ ูู ุงูุชูุตู ุฅูู ุญู ูุฏู ุจุณุฑูุฉ ุชุงูุฉุ ุนุจุฑ ุชุณููู ุงูุญูุงุฑ ุจูู ุงููุคูููู ูุงููุงุดุฑูู ูุงูููุชุฌูู ูุบูุฑูู ูู ุงูุฃุทุฑุงู ุงููุนููุฉุ ุชุณูู ุงููุณุงุทุฉ ูู ุญู ุณุฑูุน ูุนุงุฏู ูููุฒุงุนุงุชุ ููุง ุฃููุง ุชุชูุญ ูุฌููุน ุงูุฃุทุฑุงู ุงููุนููุฉ ุงูุญูุงุธ ุนูู ุนูุงูุงุชูู ุงูููููุฉุ ุจู ูุชุญุณูููุง ูู ุฎูุงู ุงูุชูุตู ุฅูู ุชุณููุฉ ุชุณุชูุฏ ุฅูู ูุตุงูุญูู ุงููุดุชุฑูุฉ.\r\n\r\nูุนุงููุฑ ุงูุฃูููุฉ:\r\n* ูุงูููููู: ูุฏููู ุฎุจุฑุฉ ูููุฉ ูู ุงููุณุงุทุฉ.\r\n*  ูุญุงููู ูุชุฎุตุตูู ูู ุญููู ุงููุคูู: ุฎุจุฑุงุก ูู ุงูููููุฉ ุงูููุฑูุฉุ ูุงุฏุฑูู ุนูู ุงูุชุนุงูู ูุน ุงููุถุงูุง ุงููุนูุฏุฉ.\r\n* ุงููููููู ูู ุงูุตูุงุนุงุช ุงูุฅุจุฏุงุนูุฉ: ูุชุฎุตุตูู ูู ูุทุงุนุงุช ูุซู: ุงูููุณูููุ ุงูุณูุนู ุงูุจุตุฑูุ ุงูุฃุฏุจุ ุฃู ุงููููู ุงูุจุตุฑูุฉุ ููุฏููู ูุนุฑูุฉ ูุชุนููุฉ ุจูุถุงูุง ุงููุณุงุทุฉ ูู ูุฐุง ุงููุฌุงู.\r\n\r\nุงููุณุชูุฏุงุช ุงููุทููุจุฉ:\r\nโขุฑุณุงูุฉ ุชุญููุฒ ุชุนูุณ ุงูุชูุงูู ุจุงููุณุงุทุฉ ูู ูุฌุงู ุญู ุงููุคูู ูุงูุญููู ุงููุฌุงูุฑุฉ.\r\nโข ุณูุฑุฉ ุฐุงุชูุฉ (CV) ูุญุฏุซุฉ.\r\nโข ููุก ุงุณุชูุงุฑุฉ ุงูุทูุจ: \r\n* ุจุงูุนุฑุจูุฉ:    \r\nhttps://miniurl.be/r-5qs4\r\n\r\n* ุจุงููุฑูุณูุฉ:    \r\nhttps://miniurl.be/r-5qs3\r\n\r\nุงููุฒุงูุง ูููุฑุดุญูู ุงููุฎุชุงุฑูู:\r\nุณูุณุชููุฏ ุงููุฑุดุญูู ุงููุฎุชุงุฑูู ูู ุชุฏุฑูุจ ูุชุฎุตุต ูุณูุชู ุงุฎุชูุงุฑูู ุจูุงุกู ุนูู ุทุจูุนุฉ ุงููุฒุงุนุงุช ูุฎุจุฑุชูู ูู ุฅุฏุงุฑุฉ ุญุงูุงุช ุงููุณุงุทุฉ ุงููุญุฏุฏุฉ.\r\n\r\nุงูุฌุฏูู ุงูุฒููู:\r\nูุชุญ ุงูุฏุนูุฉ: 14 ุฃูุชูุจุฑ 2024 / ุฅุบูุงู ุงูุทูุจุงุช: 14 ููููุจุฑ 2024\r\n\r\nูุดูุฑ ูู ุงูุชูุงูู ุจูุฐู ุงููุจุงุฏุฑุฉ ููุดุฌุนู ุนูู ุงููุดุงุฑูุฉ ุจูุดุงุท ูู ุชุนุฒูุฒ ุญููู ุงููุคูู ูุงูุญููู ุงููุฌุงูุฑุฉ ูู ุงูุฌุฒุงุฆุฑ.', 'image', '693b195f9db0e1765480799.jpeg', '', 'bell', 'ูู ุฅุทุงุฑ ุจุฑูุงูุฌ ุงูุฏููุงู ุงููุทูู ูุญููู ุงููุคูู ูุงูุญููู ุงููุฌุงูุฑุฉ (ONDA) ูุจุฏุนู ูุดุฑุงูุฉ ุงูููุธูุฉ ุงูุนุงูููุฉ ููููููุฉ ุงูููุฑูุฉ(OMPI) ุ ูุนูู ุนู ูุชุญ ุจุงุจ ุงูุชุฑุดุญ ููุงูุถู', 'active', '2025-12-11 19:19:59', '2025-12-11 19:19:59'),
(9, 'ูุฑููุฉ ุชุณุชุนุฏ ูุงุญุชุถุงู ุงูุฃูุงู ุงูุฃุฏุจูุฉ ูุงูููุฑูุฉ โ ุงูุทุจุนุฉ ุงูุฑุงุจุนุฉ', 'ูุฑููุฉ ุชุณุชุนุฏ ูุงุญุชุถุงู ุงูุฃูุงู ุงูุฃุฏุจูุฉ ูุงูููุฑูุฉ โ ุงูุทุจุนุฉ ุงูุฑุงุจุนุฉ ุชุญุช ุนููุงู:\r\n๐ \"ุฏูุฑ ุงููุชุงุจ ูุงูููุชุจุงุช ูู ุชุญููู ุงูููู ุงููุนุฑูู\"\r\nููุนุฏ ูุฌูุน ุนุดูุงู ุงููุฑุงุกุฉุ ุงููุซููููุ ูุงูููุชููู ุจุตูุงุนุฉ ุงููุชุงุจ ูู ูุถุงุก ููุชุญ ุฃุจูุงุจ ุงูุญูุงุฑ ูุงูููุงุด ุ ููุญุชูู ุจุงููุนุฑูุฉ ูุทุฑูู ูุตูุงุนุฉ ุงูุงูุณุงู \r\n๐ 14 ู15 ุฏูุณูุจุฑ 2025\r\n๐ ุงูููุชุจุฉ ุงูุฑุฆูุณูุฉ ูููุทุงูุนุฉ ุงูุนููููุฉ ุจูุฑููุฉ\r\nููููุง ูู ุงูููุนุฏ', 'image', '693b20c56aa2c1765482693.jpg', '', 'bell', 'ูุฑููุฉ ุชุณุชุนุฏ ูุงุญุชุถุงู ุงูุฃูุงู ุงูุฃุฏุจูุฉ ูุงูููุฑูุฉ โ ุงูุทุจุนุฉ ุงูุฑุงุจุนุฉ ุชุญุช ุนููุงู:\r\n๐ \"ุฏูุฑ ุงููุชุงุจ ูุงูููุชุจุงุช ูู ุชุญููู ุงูููู ุงููุนุฑูู\"\r\nููุนุฏ ูุฌูุน ุนุดูุงู ุงููุฑุงุกุฉุ ุงูู', 'active', '2025-12-11 19:51:33', '2025-12-11 19:51:33');

-- --------------------------------------------------------

--
-- Structure de la table `authors`
--

CREATE TABLE `authors` (
  `id` int(11) NOT NULL,
  `name` varchar(150) NOT NULL,
  `country` varchar(100) DEFAULT NULL,
  `bio` text DEFAULT NULL
) ENGINE=InnoDB DEFAULT CHARSET=utf8mb4 COLLATE=utf8mb4_unicode_ci;

-- --------------------------------------------------------

--
-- Doublure de structure pour la vue `available_books_view`
-- (Voir ci-dessous la vue rรฉelle)
--
CREATE TABLE `available_books_view` (
`id` int(11)
,`title` varchar(255)
,`isbn` varchar(50)
,`cover_image` varchar(255)
,`category_name` varchar(150)
,`total_copies` bigint(21)
,`available_copies` decimal(22,0)
,`borrowed_copies` decimal(22,0)
);

-- --------------------------------------------------------

--
-- Structure de la table `books`
--

CREATE TABLE `books` (
  `id` int(11) NOT NULL,
  `title` varchar(255) NOT NULL,
  `isbn` varchar(50) DEFAULT NULL,
  `category_id` int(11) DEFAULT NULL,
  `publisher_id` int(11) DEFAULT NULL,
  `language` varchar(50) DEFAULT NULL,
  `description` text DEFAULT NULL,
  `cover_image` varchar(255) DEFAULT NULL,
  `shelf_location` varchar(100) DEFAULT NULL,
  `dewey_code` varchar(50) DEFAULT NULL,
  `created_at` datetime DEFAULT current_timestamp(),
  `digital_file` varchar(255) DEFAULT NULL
) ENGINE=InnoDB DEFAULT CHARSET=utf8mb4 COLLATE=utf8mb4_unicode_ci;

--
-- Dรฉchargement des donnรฉes de la table `books`
--

INSERT INTO `books` (`id`, `title`, `isbn`, `category_id`, `publisher_id`, `language`, `description`, `cover_image`, `shelf_location`, `dewey_code`, `created_at`, `digital_file`) VALUES
(12, 'Harry Potter and the Sorcerer\'s Stone', '9780590353427', 4, 1, 'english', 'A winner of England\'s National Book Award, the acclaimed debut novel tells the outrageously funny, fantastic adventure story of Harry Potter, who escapes a hideous foster home thanks to a scholarship to The Hogwarts School for Witchcraft and Wizardry. Reprint. PW. AB. SLJ.', 'cover_1764439746_6762.jpg', '', '', '2025-11-29 19:09:07', 'ebook_12_1765475052.pdf'),
(13, 'โุงูุณุฑุฏ ุงูุนุฑุจู :โ', '9786140100580', 4, 1, 'ุงูุนุฑุจูุฉ', 'Arabic fiction; history and criticism; narration (rhetoric).', 'cover_1764537708_1237.jpg', 'ูุณู 102', '02', '2025-11-30 22:21:48', 'ebook_13_1765475260.pdf');

-- --------------------------------------------------------

--
-- Structure de la table `book_authors`
--

CREATE TABLE `book_authors` (
  `id` int(11) NOT NULL,
  `book_id` int(11) NOT NULL,
  `author_id` int(11) NOT NULL
) ENGINE=InnoDB DEFAULT CHARSET=utf8mb4 COLLATE=utf8mb4_unicode_ci;

-- --------------------------------------------------------

--
-- Structure de la table `book_copies`
--

CREATE TABLE `book_copies` (
  `id` int(11) NOT NULL,
  `book_id` int(11) NOT NULL,
  `copy_code` varchar(100) NOT NULL,
  `status` enum('available','borrowed','reserved','lost') DEFAULT 'available',
  `condition` varchar(100) DEFAULT NULL,
  `added_at` datetime DEFAULT current_timestamp()
) ENGINE=InnoDB DEFAULT CHARSET=utf8mb4 COLLATE=utf8mb4_unicode_ci;

--
-- Dรฉchargement des donnรฉes de la table `book_copies`
--

INSERT INTO `book_copies` (`id`, `book_id`, `copy_code`, `status`, `condition`, `added_at`) VALUES
(12, 12, 'C-12-12', 'available', 'new', '2025-11-29 19:09:07'),
(13, 12, 'C-12-13', 'borrowed', 'new', '2025-11-29 19:09:07'),
(14, 12, 'C-12-14', 'available', 'new', '2025-11-29 19:09:07'),
(15, 13, 'C-13-15', 'available', 'new', '2025-11-30 22:21:48'),
(16, 13, 'C-13-16', 'available', 'new', '2025-11-30 22:21:48'),
(24, 12, 'C-12-24', 'available', NULL, '2025-12-02 00:23:32'),
(25, 12, 'C-12-25', 'available', NULL, '2025-12-02 00:23:32'),
(26, 12, 'C-12-26', 'available', NULL, '2025-12-02 00:24:03'),
(27, 12, 'C-12-27', 'available', NULL, '2025-12-02 00:24:04');

-- --------------------------------------------------------

--
-- Structure de la table `book_reservations`
--

CREATE TABLE `book_reservations` (
  `id` int(11) NOT NULL,
  `book_id` int(11) NOT NULL,
  `member_id` int(11) NOT NULL,
  `reservation_date` date NOT NULL,
  `status` enum('pending','fulfilled','cancelled') DEFAULT 'pending',
  `position` int(11) DEFAULT 1,
  `fulfilled_date` datetime DEFAULT NULL,
  `cancelled_date` datetime DEFAULT NULL,
  `created_at` timestamp NOT NULL DEFAULT current_timestamp()
) ENGINE=InnoDB DEFAULT CHARSET=utf8mb4 COLLATE=utf8mb4_unicode_ci;

--
-- Dรฉchargement des donnรฉes de la table `book_reservations`
--

INSERT INTO `book_reservations` (`id`, `book_id`, `member_id`, `reservation_date`, `status`, `position`, `fulfilled_date`, `cancelled_date`, `created_at`) VALUES
(1, 12, 1, '2025-12-04', 'fulfilled', 1, '2025-12-04 18:48:20', NULL, '2025-12-04 17:47:33'),
(2, 13, 4, '2025-12-06', 'fulfilled', 1, '2025-12-06 20:41:16', NULL, '2025-12-06 17:22:26'),
(3, 12, 4, '2025-12-10', 'pending', 1, NULL, NULL, '2025-12-10 20:09:32');

-- --------------------------------------------------------

--
-- Structure de la table `categories`
--

CREATE TABLE `categories` (
  `id` int(11) NOT NULL,
  `name_ar` varchar(150) NOT NULL,
  `name_en` varchar(150) DEFAULT NULL,
  `dewey_code` varchar(50) DEFAULT NULL
) ENGINE=InnoDB DEFAULT CHARSET=utf8mb4 COLLATE=utf8mb4_unicode_ci;

--
-- Dรฉchargement des donnรฉes de la table `categories`
--

INSERT INTO `categories` (`id`, `name_ar`, `name_en`, `dewey_code`) VALUES
(1, 'ุฑูุงูุงุช', NULL, NULL),
(2, 'ุนููู', NULL, NULL),
(3, 'ุชุงุฑูุฎ', NULL, NULL),
(4, 'ุฃุฏุจ', NULL, NULL),
(5, 'ุดุนุฑ', NULL, NULL),
(6, 'ุฃุทูุงู', NULL, NULL),
(7, 'ุฑูุงูุงุช', NULL, NULL),
(9, 'ุฃุฏุจ2', '', ''),
(10, 'ุชุงุฑูุฎ', NULL, NULL);

-- --------------------------------------------------------

--
-- Structure de la table `external_links`
--

CREATE TABLE `external_links` (
  `id` int(11) NOT NULL,
  `title` varchar(200) NOT NULL,
  `url` varchar(500) NOT NULL,
  `description` text DEFAULT NULL,
  `icon` varchar(50) DEFAULT 'link',
  `category` varchar(100) DEFAULT NULL,
  `is_active` tinyint(1) DEFAULT 1,
  `display_order` int(11) DEFAULT 0,
  `created_at` timestamp NOT NULL DEFAULT current_timestamp(),
  `updated_at` timestamp NOT NULL DEFAULT current_timestamp() ON UPDATE current_timestamp()
) ENGINE=InnoDB DEFAULT CHARSET=utf8mb4 COLLATE=utf8mb4_unicode_ci;

--
-- Dรฉchargement des donnรฉes de la table `external_links`
--

INSERT INTO `external_links` (`id`, `title`, `url`, `description`, `icon`, `category`, `is_active`, `display_order`, `created_at`, `updated_at`) VALUES
(1, 'ูุฒุงุฑุฉ ุงูุซูุงูุฉ ุงูุฌุฒุงุฆุฑูุฉ', 'https://www.m-culture.gov.dz/index.php/ar/', 'ุงููููุน ุงูุฑุณูู ููุฒุงุฑุฉ ุงูุซูุงูุฉ ุงูุฌุฒุงุฆุฑูุฉ', 'link', NULL, 1, 2, '2025-12-04 19:24:42', '2025-12-04 21:31:43'),
(2, 'ุงูููุชุจุฉ ุงููุทููุฉ ุงูุฌุฒุงุฆุฑูุฉ', 'https://biblionat.dz/', 'ุงูููุชุจุฉ ุงููุทููุฉ ุงูุฌุฒุงุฆุฑูุฉ', 'link', NULL, 1, 3, '2025-12-04 19:24:42', '2025-12-04 21:26:56'),
(3, 'ุงูุฏููููุงู ุงููุทูููู ูุญููููู ุงููุคูููู', 'https://www.onda.dz/', 'ุงูุฏููููุงู ุงููุทูููู ูุญููููู ุงููุคูููู ู ุงูุญูููููู ุงููุฌูููุงูุฑุฉ', 'link', NULL, 1, 5, '2025-12-04 19:24:42', '2025-12-04 21:37:55'),
(4, 'ุงููุณุฑุญ ุงููุทูู ุงูุฌุฒุงุฆุฑู', 'https://www.tna.dz/', 'ุงููุณุฑุญ ุงููุทูู ุงูุฌุฒุงุฆุฑู', 'link', NULL, 1, 2, '2025-12-04 19:24:42', '2025-12-04 21:26:47'),
(5, 'ุจูุช ุงูุฌุฒุงุฆุฑ ุงูุซูุงูู', 'https://algerianculturalhome.dz/', 'ุจูุช ุงูุฌุฒุงุฆุฑ ุงูุซูุงูู', 'link', NULL, 1, 1, '2025-12-04 19:24:42', '2025-12-05 22:28:13'),
(6, 'ุงููุฑูุฒ ุงููุทูู ูููุฎุทูุทุงุช', 'https://cnmanuscrits.dz/', 'ุงููุฑูุฒ ุงููุทูู ูููุฎุทูุทุงุช', 'link', NULL, 1, 4, '2025-12-04 21:37:02', '2025-12-04 21:37:37'),
(7, 'ุจูุงุจุฉ ุงูุชุฑุงุซ ุงูุซูุงูู ุงูุฌุฒุงุฆุฑู', 'https://www.patrimoineculturelalgerien.com/', 'ุจูุงุจุฉ ุงูุชุฑุงุซ ุงูุซูุงูู ุงูุฌุฒุงุฆุฑู', 'link', '', 1, 7, '2025-12-05 22:35:48', '2025-12-05 22:36:16');

-- --------------------------------------------------------

--
-- Structure de la table `favorites`
--

CREATE TABLE `favorites` (
  `id` int(11) NOT NULL,
  `user_id` int(11) NOT NULL,
  `book_id` int(11) NOT NULL,
  `created_at` datetime DEFAULT current_timestamp()
) ENGINE=InnoDB DEFAULT CHARSET=utf8mb4 COLLATE=utf8mb4_unicode_ci;

-- --------------------------------------------------------

--
-- Structure de la table `loans`
--

CREATE TABLE `loans` (
  `id` int(11) NOT NULL,
  `member_id` int(11) NOT NULL,
  `copy_id` int(11) NOT NULL,
  `loan_date` date NOT NULL,
  `due_date` date NOT NULL,
  `return_date` date DEFAULT NULL,
  `status` enum('ongoing','returned','late') DEFAULT 'ongoing',
  `fine_amount` decimal(10,2) DEFAULT 0.00,
  `notes` text DEFAULT NULL
) ENGINE=InnoDB DEFAULT CHARSET=utf8mb4 COLLATE=utf8mb4_unicode_ci;

--
-- Dรฉchargement des donnรฉes de la table `loans`
--

INSERT INTO `loans` (`id`, `member_id`, `copy_id`, `loan_date`, `due_date`, `return_date`, `status`, `fine_amount`, `notes`) VALUES
(8, 1, 12, '2025-11-29', '2025-11-30', '2025-11-30', 'returned', 0.00, NULL),
(9, 1, 13, '2025-11-29', '2025-11-27', '2025-11-27', 'returned', 0.00, NULL),
(10, 1, 12, '2025-11-30', '2025-11-29', '2025-11-30', '', 30.00, NULL),
(11, 1, 14, '2025-11-30', '2025-11-26', '2025-11-30', '', 400.00, NULL),
(12, 1, 13, '2025-11-30', '2025-11-25', '2025-11-30', '', 500.00, NULL),
(13, 1, 12, '2025-11-30', '2025-11-30', '2025-11-30', 'returned', 0.00, NULL),
(14, 1, 12, '2025-11-30', '2025-12-02', '2025-12-02', 'returned', 0.00, NULL),
(15, 1, 13, '2025-11-30', '2025-11-11', '2025-12-02', '', 2100.00, NULL),
(16, 2, 15, '2025-12-02', '2025-12-03', '2025-12-02', 'returned', 0.00, NULL),
(17, 1, 12, '2025-12-03', '2025-12-03', '2025-12-06', 'ongoing', 0.00, NULL),
(18, 4, 15, '2025-12-06', '2025-12-20', '2025-12-08', 'returned', 0.00, NULL),
(19, 4, 26, '2025-12-06', '2025-12-20', '2025-12-08', 'returned', 0.00, NULL),
(20, 6, 13, '2025-12-10', '2025-12-10', NULL, 'ongoing', 0.00, NULL);

-- --------------------------------------------------------

--
-- Structure de la table `logs`
--

CREATE TABLE `logs` (
  `id` int(11) NOT NULL,
  `user_id` int(11) DEFAULT NULL,
  `action` varchar(255) NOT NULL,
  `details` text DEFAULT NULL,
  `created_at` datetime DEFAULT current_timestamp()
) ENGINE=InnoDB DEFAULT CHARSET=utf8mb4 COLLATE=utf8mb4_unicode_ci;

--
-- Dรฉchargement des donnรฉes de la table `logs`
--

INSERT INTO `logs` (`id`, `user_id`, `action`, `details`, `created_at`) VALUES
(1, 2, 'login', 'ุชุณุฌูู ุฏุฎูู ูุงุฌุญ ูู IP: ::1', '2025-12-01 20:46:51'),
(2, 2, 'login', 'ุชุณุฌูู ุฏุฎูู ูุงุฌุญ ูู IP: ::1', '2025-12-01 22:39:59'),
(3, 2, 'login', 'ุชุณุฌูู ุฏุฎูู ูุงุฌุญ ูู IP: ::1', '2025-12-01 23:11:00'),
(4, 1, 'login', 'ุชุณุฌูู ุฏุฎูู ูุงุฌุญ ูู IP: ::1', '2025-12-02 18:22:46'),
(5, 1, 'login', 'ุชุณุฌูู ุฏุฎูู ูุงุฌุญ ูู IP: ::1', '2025-12-02 23:21:47'),
(6, 1, 'login', 'ุชุณุฌูู ุฏุฎูู ูุงุฌุญ ูู IP: ::1', '2025-12-02 23:22:19'),
(7, 1, 'login', 'ุชุณุฌูู ุฏุฎูู ูุงุฌุญ ูู IP: ::1', '2025-12-02 23:22:56'),
(8, 1, 'login', 'ุชุณุฌูู ุฏุฎูู ูุงุฌุญ ูู IP: ::1', '2025-12-02 23:25:05'),
(9, 1, 'login', 'ุชุณุฌูู ุฏุฎูู ูุงุฌุญ ูู IP: ::1', '2025-12-02 23:25:14'),
(10, 1, 'login', 'ุชุณุฌูู ุฏุฎูู ูุงุฌุญ ูู IP: ::1', '2025-12-02 23:26:07'),
(11, 1, 'login', 'ุชุณุฌูู ุฏุฎูู ูุงุฌุญ ูู IP: ::1', '2025-12-02 23:28:09'),
(12, 1, 'login', 'ุชุณุฌูู ุฏุฎูู ูุงุฌุญ ูู IP: ::1', '2025-12-02 23:31:51'),
(13, 4, 'login', 'ุชุณุฌูู ุฏุฎูู ูุงุฌุญ ูู IP: ::1', '2025-12-02 23:57:39'),
(14, 1, 'login', 'ุชุณุฌูู ุฏุฎูู ูุงุฌุญ ูู IP: ::1', '2025-12-03 21:11:42'),
(15, 1, 'login', 'ุชุณุฌูู ุฏุฎูู ูุงุฌุญ ูู IP: ::1', '2025-12-04 15:07:43'),
(16, 1, 'block_member', 'ุญุธุฑ ุงูุนุถู: hamed', '2025-12-04 17:38:18'),
(17, 1, 'unblock_member', 'ุฅูุบุงุก ุญุธุฑ ุงูุนุถู: hamed', '2025-12-04 17:38:26'),
(18, 1, 'block_member', 'ุญุธุฑ ุงูุนุถู: hamed', '2025-12-07 12:08:06'),
(19, 1, 'unblock_member', 'ุฅูุบุงุก ุญุธุฑ ุงูุนุถู: hamed', '2025-12-07 12:17:20');

-- --------------------------------------------------------

--
-- Structure de la table `members`
--

CREATE TABLE `members` (
  `id` int(11) NOT NULL,
  `user_id` int(11) NOT NULL,
  `card_number` varchar(50) NOT NULL,
  `last_name` varchar(100) DEFAULT NULL,
  `first_name` varchar(100) DEFAULT NULL,
  `national_id` varchar(50) DEFAULT NULL,
  `address` varchar(255) DEFAULT NULL,
  `phone` varchar(50) DEFAULT NULL,
  `violations_count` int(11) DEFAULT 0,
  `is_blocked` tinyint(1) DEFAULT 0,
  `school_level` varchar(100) DEFAULT NULL,
  `school_name` varchar(150) DEFAULT NULL,
  `uni_year` varchar(100) DEFAULT NULL,
  `uni_name` varchar(150) DEFAULT NULL,
  `job_title` varchar(150) DEFAULT NULL,
  `job_company` varchar(150) DEFAULT NULL,
  `birth_date` date DEFAULT NULL,
  `birth_place` varchar(150) DEFAULT NULL,
  `birth_wilaya` varchar(150) DEFAULT NULL,
  `address_wilaya` varchar(150) DEFAULT NULL,
  `status_type` enum('school','university','employee') DEFAULT NULL
) ENGINE=InnoDB DEFAULT CHARSET=utf8mb4 COLLATE=utf8mb4_unicode_ci;

--
-- Dรฉchargement des donnรฉes de la table `members`
--

INSERT INTO `members` (`id`, `user_id`, `card_number`, `last_name`, `first_name`, `national_id`, `address`, `phone`, `violations_count`, `is_blocked`, `school_level`, `school_name`, `uni_year`, `uni_name`, `job_title`, `job_company`, `birth_date`, `birth_place`, `birth_wilaya`, `address_wilaya`, `status_type`) VALUES
(1, 2, 'MKT000002', 'ุฃููุงุฏ ุงูุญุงุฌ ุฅุจุฑุงููู', 'ุฅุจุฑุงููู', NULL, 'BP N 147 HAY EL NASSER 30022 CITE ENNACER 19 MARS', '0661464619', 0, 0, NULL, NULL, NULL, NULL, NULL, NULL, NULL, NULL, NULL, NULL, NULL),
(2, 4, 'CARD-2025-5584', NULL, NULL, NULL, '', '', 0, 0, NULL, NULL, NULL, NULL, NULL, NULL, NULL, NULL, NULL, NULL, NULL),
(3, 6, 'MEM202500006', NULL, NULL, NULL, 'BP N 147 HAY EL NASSER 30022 CITE ENNACER 19 MARS', '0660408181', 0, 0, NULL, NULL, NULL, NULL, NULL, NULL, '0000-00-00', NULL, NULL, NULL, NULL),
(4, 7, 'MEM202500007', NULL, NULL, NULL, 'BP N 147 HAY EL NASSER 30022 CITE ENNACER 19 MARS', '0770235871', 0, 0, NULL, NULL, NULL, NULL, NULL, NULL, '0000-00-00', NULL, NULL, NULL, NULL),
(5, 8, 'MEM202500008', NULL, NULL, NULL, '', '0770235871', 0, 0, NULL, NULL, NULL, NULL, NULL, NULL, '0000-00-00', NULL, NULL, NULL, NULL),
(6, 9, 'CARD-2025-4604', NULL, NULL, NULL, '', '', 0, 0, NULL, NULL, NULL, NULL, NULL, NULL, NULL, NULL, NULL, NULL, NULL);

-- --------------------------------------------------------

--
-- Structure de la table `news`
--

CREATE TABLE `news` (
  `id` int(11) NOT NULL,
  `title` varchar(200) NOT NULL,
  `content` text NOT NULL,
  `image` varchar(255) DEFAULT NULL,
  `author` varchar(100) DEFAULT NULL,
  `status` enum('published','draft') DEFAULT 'draft',
  `publish_date` datetime DEFAULT NULL,
  `views` int(11) DEFAULT 0,
  `created_at` timestamp NOT NULL DEFAULT current_timestamp(),
  `updated_at` timestamp NOT NULL DEFAULT current_timestamp() ON UPDATE current_timestamp()
) ENGINE=InnoDB DEFAULT CHARSET=utf8mb4 COLLATE=utf8mb4_unicode_ci;

--
-- Dรฉchargement des donnรฉes de la table `news`
--

INSERT INTO `news` (`id`, `title`, `content`, `image`, `author`, `status`, `publish_date`, `views`, `created_at`, `updated_at`) VALUES
(8, 'ุงูุทูุงู ุชุธุงูุฑุฉ โุจุงููุฑุงูุง ูุณุฑุญ ุจููุฑุฏุงุณโ', 'ุฃูุนุทูุชุ ูุณุงุก ุงูุฎููุณ 24 ุฌููููุฉ 2025ุ ุฅุดุงุฑุฉ ุงูุงูุทูุงู ุงูุฑุณูู ูุชุธุงูุฑุฉ โุจุงููุฑุงูุง ูุณุฑุญ ุจููุฑุฏุงุณโุ ุจุณุงุญุฉ 5 ุฌููููุฉ ูุณุท ุงููุฏููุฉุ ุจูุจุงุฏุฑุฉ ูู ูุฒูุฑ ุงูุซูุงูุฉ ูุงูููููุ ุงูุณูุฏ โุฒูููุฑ ุจููููโ ูุจุฑุนุงูุชูุ ูุชุญุช ุฅุดุฑุงู ูุงูู ููุงูุฉ ุจููุฑุฏุงุณุ ุงูุณูุฏุฉ ููุฒูุฉ ูุนุงูุฉ. ุฃุดุฑู ุนูู ุงูุงูุชุชุงุญ ุงูุฃููู ุงูุนุงู ููููุงูุฉุ ุงูุณูุฏ โุฌูุงู ุจูุฌุฒุฉโ ููุซูุง ููุณูุฏุฉ ุงููุงููุฉุ ุฑููุฉ ูุฏูุฑุฉ ุงูุซูุงูุฉ ูุงูููููุ ุงูุณูุฏุฉ โุฏูููุฉ ุนูุงุณโ ุจุญุถูุฑ ุงููุฏูุฑ ุงูุนุงู ูููุณุฑุญ ุงููุทูู โูุญู ุงูุฏูู ุจุดุทุงุฑุฒูโุ ููุงุจ ุงูุจุฑููุงูุ ุงูุณูุทุงุช ุงููุญููุฉุ ูุงูุฃุณุฑุฉ ุงููููุฉ ูุงูุซูุงููุฉ.\r\n         ูุชูุนุฏ ูุฐู ุงูุชุธุงูุฑุฉุ ุงูุชู ุชูุธููุง ูุฏูุฑูุฉ ุงูุซูุงูุฉ ุจุงูุชุนุงูู ูุน ุงููุณุฑุญ ุงููุทููุ ูุญุทุฉ ุซูุงููุฉ ููุนูุฉ ุชูุฏู ุฅูู ุชูุดูุท ุงูุญุฑุงู ุงููุณุฑุญู ุจุงูููุงูุฉุ ูุชูุชุฏ ูุนุงููุงุชูุง ุฅูู ุบุงูุฉ 30 ุฌููููุฉุ ุจุนุฑูุถ ูุณุฑุญูุฉ ููุฌูุฉ ููุงูุฉ ูุฆุงุช ุงููุฌุชูุนุ ุชูุธู ูู ุงูุณุงุญุงุช ุงูุนููููุฉ ูุงููุฑุงูุฒ ุงูุซูุงููุฉ ูุฏูุฑ ุงูุดุจุงุจ.\r\n          ุดูุฏ ุงูููู ุงูุฃูู ุชูุฏูู ุนุฑุถ ุงูุชุชุงุญู ุจุนููุงู โูุณูุงุช ุงูุจุญุฑโ ุงุณุชูุทุจ ุฌูููุฑูุง ูุงุณุนูุงุ ุฎุงุตุฉ ูู ุงูุนุงุฆูุงุช ูุงูุฃุทูุงูุ ูู ุฃุฌูุงุก ุชูุงุนููุฉ ูููุฒุฉ. ูุชุชููุฒ ูุฐู ุงูุทุจุนุฉ ุจุชูุธูู ุนุฑูุถ โูุณุฑุญ ููุงู ุงูุญุฏุซโ ุฃุจุฑุฒูุง ุนุฑุถ ูููุงู ุจูุฑูุฒ ุงูุชุนุฐูุจ โููุชูโ ุจุจูุฏูุฉ ุณูู ุงูุฃุญุฏุ ูุนูุณ ุนุจุฑ ุงููู ุงูุฅุจุฏุงุนู ูุนุงูุงุฉ ุงูุดุนุจ ุงูุฌุฒุงุฆุฑู ุฅุจุงู ุงูุงุณุชุนูุงุฑ.\r\n        ูู ูููุชูุงุ ุฃูุฏุช ุงูุณูุฏุฉ โุฏูููุฉ ุนูุงุณโ ุฃู ุงูุชุธุงูุฑุฉ ุชูุซู ุฑุคูุฉ ุงุณุชุฑุงุชูุฌูุฉ ูุฏุนู ุงูููุงูุจ ุงูุดุงุจุฉ ูุชุฑุณูุฎ ุซูุงูุฉ ุงููู ุงููุณุฑุญูุ ูุดูุฑุฉ ุฅูู ุญุฑุต ุงููุฒุงุฑุฉ ุนูู ุฌุนู ุงููุนู ุงูุซูุงูู ุฑุงูุฏูุง ููุชูููุฉ ูุจูุงุก ุงูุฐุงูุฑุฉ ุงูุฌูุงุนูุฉ. ูุชูุนุฏ โุจุงููุฑุงูุง ูุณุฑุญ ุจููุฑุฏุงุณโ ูุฑุตุฉ ูุชุนุฒูุฒ ุงููููุฉ ุงูุซูุงููุฉ ูุงูุงููุชุงุญ ุนูู ุฌูููุฑ ุฃูุณุนุ ูู ุณูุงู ุฌููุฏ ูุฒุงุฑุฉ ุงูุซูุงูุฉ ูุชูุนูู ุงููุดูุฏ ุงูููู ุนูู ุงููุณุชูู ุงููุทูู', 'news_693b085f7016c_1765476447.jpeg', 'https://algerianculturalhome.dz/', 'published', '2025-12-11 00:00:00', 6, '2025-12-11 18:07:27', '2025-12-12 22:46:57'),
(9, 'ุฃุญูุฏ ููุจู.. ุจูุจู ุงูุฃุบููุฉ ุงูููุฑุงููุฉ ุงูุฃุตููุฉ', 'ูุทุงููุง ูุชููู ุตูุช ูุงูุฏู ููู ูุคุฐู ุจุตูุชู ุงูุฃุฌุด ุงูุนุฐุจ ููุงุฏูุง ููุตูุงุฉุ ููู ููู ุจููุฏูุฑู ุฃู ูุตู ุงููุดุงุนุฑ ุงูุชู ูุงูุช ุชุถุทุฑู ูู ููุจู ุงูุตุบูุฑุ ูุงูุช ูุฒูุฌุง ุบุฑูุจุง ุจูู ุงูุฑูุจุฉ ูุงููุฐุฉุ ุจูู ุงูุฎุดูุน ูุงููุชุนุฉุ ุจูู ุงูุฎุดูุฉ ูุงููุญุจุฉ.. ุฑุจูุง ูุงู ููุงู ุบุฑุณ ูู ูุง ูุนูู ุงููุจูุฑ ูุญุจ ุงูุฌูุงูุ ูุนุดู ุงููู ุงูููู ุงูุฃุตูู.\r\n\r\nโููุฑุงูโ.. ุฃูู ุงูุชู ูู ุชูุฏูู\r\n       ููุฏ ุงูููุงู ุงูุฑุงุญู โุฃุญูุฏ ููุจูโ ูุงุณูู ุงูุญูููู โุฃุญูุฏ ุฏุฑูุด ุงูุชูุฌุงููโ ููู 18 ููููุจุฑ 1921 ุจูุฏููุฉ ูุฑุณูููุง ุงููุฑูุณูุฉุ ูู ุฃุจ ุฌุฒุงุฆุฑู ูุฃู ูุฑูุณูุฉ ูู ุฃุตูู ุฅูุทุงููุฉ. ููุฏ ูุงูุฏุชู ููู ูุง ูุฒุงู ุฑุถูุนุง ูู ููููู ุดูุฑู ุงูุฑุงุจุนุ ูุงุญุชุถูู ุจูุช ุฌุฏูุ ุญูุซ ูุดุฃ ูุชุฑุจู ูู ูุฃุฎุชู ูู ููู ุงูุญู ุงูุนุฑูู โุงููุฏููุฉ ุงูุฌุฏูุฏุฉโ ุจููุฑุงู ุงูุจุงููุฉุ ุงููุฏููุฉ ุงูุชู ููุญุชู ุงูุงูุชูุงุก ูุตููุช ุฐุงุฆูุชูุ ูุตุงุฑ ูุนุชุจุฑูุง ุฃูู ุงูุชู ูู ุชูุฏู. ููุฏ ูุงูุช ุจุฏุงูุฉ ุงูุชูุงูู ุจุงูููุณููู ุถูู ุตููู ุงููุดุงูุฉ ุงูุฅุณูุงููุฉ ุงูุฌุฒุงุฆุฑูุฉ โ ูุฑุน ุงููุฌุงุญุ ุงูุฐู ุชุฃุณุณ ุจููุฑุงู ุณูุฉ 1937ุ ุญูุซ ูุงู ุดุจูุงู ููู ุฅูู ุฌุงูุจ ุซูุฉ ูู ุงูููุงููู ุงูุฑุงุญูููุ ูู ุจูููู: ุญูู ุจูุชููููุณ ููุงุฏุฉ ูุงุฒููู. ููุงูุ ุฃุฏู ุงูุฃูุงุดูุฏ ุงููุทููุฉุ ูุจุฏุฃ ูุดู ุทุฑููู ุจุตุจุฑ ูุซุจุงุช ูุญู ุงูุชุฃููุ ูุนุชูุฏูุง ููุฐ ุงูุจุฏุงูุฉ ุนูู ุงูุฃุตู: ุงูุดุนุฑ ุงูููุญููุ ูู ุงููุชุงุญ ูุฌุฏุงูู ูุจูุฑ ุนูู ุงูุชุฑุงุซ ุงููุงูู ูู ุงูููุงู.\r\n\r\nุงูุบุฑุจุฉ.. ูููุงุฏ ููู ูุนููุงู\r\n     ุณูุฉ 1947ุ ุงูุชุญู ุฃุญูุฏ ููุจู ุจูุนูุฏ ุงูููุณููู ูู ุจุงุฑูุณุ ูููุงู ุชุดุจุน ุจุฑูุงุฆุน ุงูููุณููู ุงูุนุงูููุฉ ูููู ุทุงูุชู ููููุชู ุงููููุฉ. ููู ูุดูุงุฑู ุงูุบูุงุฆู ุจุฏุฃ ูุจู ุฐููุ ุญูู ุดุงุฑู ุณูุฉ 1942 ูู ุงูุบูุงุก ุถูู ุงููุฑูุฉ ุงูุชู ูุงู ูููุฏูุง ุงูููุงู ุจูุงูู ุงูููุงุฑูุ ูุคุฏููุง ุฃุบููุฉ โูุงุฏุงูู ููุจูโ ููููุณููุงุฑ ูุญูุฏ ุนุจุฏ ุงูููุงุจ. ูุงุณุชูุฑ ุจุนุฏูุง ูู ุชุฌุฑุจุชู ุงููููุฉ ุฑููุฉ ุงููุฑุญูู ุนุจุฏ ุงููุงุฏุฑ ุงูุฎุงูุฏูุ ุงูุฐู ุงูุชูุงู ูู ุฃูุงุฎุฑ ุงูุฃุฑุจุนูููุงุชุ ูุฃุตุจุญ ูุงุชุจ ูููุงุชู ุงูุฃูู ูุฑููู ุฏุฑุจู ุงูุฅุจุฏุงุนู. ููู ููุงุ ุฏุฎู ููุจู ุนุงูู ุงูุงุญุชุฑุงูุ ููุตุจุญ ุตูุชูุง ุฌุฒุงุฆุฑููุง ูุชููุฒูุง ุฏูู ููุงุฒุนุ ููุดุงุฑ ุฅููู ุจุงูุจูุงูุ ูููุญุชูู ุจู ุฃูููุง ุญูุ ุจุฃุบุงููู ุงูุทุฑุจูุฉ ุงูุฎุงูุฏุฉ ุงูุชู ุณููุช ุฐุงูุฑุฉ ุงููุงุณุ ููู ุฃุดูุฑูุง ุฑุงุฆุนุฉ โููุฑุงู.. ููุฑุงูโ ุงูุชู ูุต ูููุง ุชุฌุฑุจุฉ ูุงูุฏู ูุน ุงูุบุฑุจุฉุ ูุงูุชู ูุง ุชุฒุงู ุชููู ููุณ ุงูุตุฏู ูุงูุชุฃุซูุฑ ุงูุฐู ุฃุญุฏุซุชู ููุฐ ุฎูุณูููุงุช ุงููุฑู ุงููุงุถู.\r\n\r\nุนููุฏ ุงูุฃุบููุฉ ุงูููุฑุงููุฉ\r\n      ููุฏ ุณูุญุช ูู ุฃุนูุงูู ุงููููุฉ ุจุฃู ููุชูุฌ ุนู ุฌุฏุงุฑุฉ ุนููุฏูุง ููุฃุบููุฉ ุงูููุฑุงููุฉุ ุงูุชู ุงูุชุงุฒุช ุจุฌูุงููุฉ ุงูุดุนุฑ ุงูููุญููุ ูุฑูุนุฉ ุงูุชูุญูู ุงูุฐู ูุฒุฌ ุจูู ุงููุบูุฉ ุงููุญููุฉ ูุงูููุงู ุงูุดุฑููุ ุจุตูุช ูุฑุงุฑู ููู ุดุฏ ุงูุชุจุงู ูุจุงุฑ ุงูููุงููู ุงูุนุฑุจ. ููุฏ ุญูู ุฃุญูุฏ ููุจู ุทุงุจุนุง ูููุง ุฎุงุตุงุ ููุถุน ุจุตูุชู ุงููููุฒุฉุ ููุชุญูู ุฅูู ุฃุญุฏ ุฃุนูุฏุฉ ุงูุฃุบููุฉ ุงูุฌุฒุงุฆุฑูุฉ ุงูุทุฑุจูุฉุ ูุฃุญุฏ ุฃุจุฑุฒ ุงููุณุงูููู ูู ุชุทููุฑ ุงูุฃุบููุฉ ุงูููุฑุงููุฉุ ุฏุงูุนุง ุจูุง ูู ุงููุญููุฉ ุฅูู ุฑุญุงุจ ุงูุนุงูู ุงูุนุฑุจู ุงูุฑุญุจ.\r\n\r\nุฑุญูู ุงูุจูุจู.. ูุจูุงุก ุงูุตุฏู\r\n       ููุฏุช ููุฑุงู ุงุจููุง ุงูุจุงุฑุ ูุตูุชูุง ุงูุฃุตููุ ุนูุฏููุจ ุงูุฃุบููุฉ ุงูููุฑุงููุฉ ุงูุฃุตููุฉุ ููู 28 ุฃูุชูุจุฑ 1993ุ ุจุนุฏ ุตุฑุงุน ูุน ุงููุฑุถุ ููููุง ูู ุชููุฏ ุฅุฑุซู ุงูุฎุงูุฏุ ููุฏ ุชุฑู ุจุตูุงุช ูุง ุชููุญูุ ูุฃุณุณ ูุฏุฑุณุฉ ูููุฉ ุฑุงุณุฎุฉ ุชุชุจุน ุฎุทุงูุง ุฃุฌูุงู ูู ุงูููุงููู ุงูุฐูู ุฃุญุจูุง ุงูุชุฑุงุซุ ููุงุตููุง ุงูุนุทุงุก ูู ุณุจูู ุชุทููุฑู ูุตููู ูู ุงููุณูุงู.', 'news_693b09a61ad7e_1765476774.jpeg', 'https://algerianculturalhome.dz/', 'published', '2025-12-11 00:00:00', 1, '2025-12-11 18:12:54', '2025-12-11 18:13:02'),
(10, 'ุงููุณุฑุญ ูู ุฑุญุงุจ ุงูุฌุงูุนุฉ', 'ุฃุดุฑูุช ูุฒูุฑุฉ ุงูุซูุงูุฉ ูุงููููู ุงูุณูุฏุฉ ููููุฉ ุจู ุฏูุฏุฉุ ุจูุนูุฉ ูุฒูุฑ ุงูุชุนููู ุงูุนุงูู ูุงูุจุญุซ ุงูุนููู ุงูุณูุฏ ููุงู ุจุฏุงุฑูุ ุณูุฑุฉ ุงูููู ุนูู ุงูุงูุชุชุงุญ ุงูุฑุณูู ููููุณู ุงูุซุงูุซ ูู ุจุฑูุงูุฌ ุงููุณุฑุญ ูู ุฑุญุงุจ ุงูุฌุงูุนุฉ ุจุงููุณุฑุญ ุงููุทูู ุงูุฌุฒุงุฆุฑู ูุญู ุงูุฏูู ุจุดุทุงุฑุฒูุ ุจุญุถูุฑ ูุฌูู ูููุฉ ูุฃูุงุฏูููุฉุ ูุฅุทุงุฑุงุช ูู ุงููุทุงุนูู ุงูุซูุงูู ูุงูุฌุงูุนูุ ูุนุฏุฏ ูู ุงูุทูุจุฉ.\r\n        ููู ุงููุณุชููุ ูุงู ุงููุฒูุฑุงู ุจุงููููู ุนูู ูุนุฑุถ ููุธู ุจุจูู ุงููุณุฑุญ ุงููุทููุ ููุฒูุฑุง ุฃุฌูุญุชู ุงููุชุถููุฉ ุฅุจุฏุงุนุงุช ุทูุจุฉ ุฌุงูุนุงุช ุนุฏุฉ ูู ุฃูุญุงุก ุงููุทูุ ุฅุถุงูุฉ ุฅูู ุฌูุงุญ ุฎุงุต ุจุงููุณุฑุญ ุงููุทูู ูุชุถูู ูุนูููุงุช ุนู ุงูุฃุฑุดูู ุงูุฑููู ูููุณุฑุญ ุงูุฌุฒุงุฆุฑูุ ูุง ูุญูุธ ุชุงุฑูุฎู ูุชุฌุฑุจุชู ููุชูุญ ููุฒูุงุฑ ูุฑุตุฉ ุงูุชุนุฑู ุนูู ููุฑูุซู ุงูุซูุงูู ูุงูููู.\r\n       ููู ูููุชูุ ุฃุดุงุฏ ูุฒูุฑ ุงูุชุนููู ุงูุนุงูู ูุงูุจุญุซ ุงูุนููู ุจุชุฌุฑุจุฉ ุงูุจุฑูุงูุฌุ ูุคูุฏุง ุฃููุง ุดููุช ูุณุงุญุฉ ุญูุฉ ูุงูุชุดุงู ุงูููุงูุจ ุงูุดุงุจุฉุ ููุจุฑุฒุง ุฃู ุงูุดุจุงุจ ูุคุดุฑ ุงูุฌุฒุงุฆุฑ ุงูุฌุฏูุฏุฉ ูููุฉ ูุงุนูุฉ ูู ุจูุงุก ูุฌุชูุน ูุนุฑูู ุฎูุงู. ูุฃูุถุญ ุฃู ุงูุฌุงูุนุฉ ููุณุช ููุท ูุถุงุก ูุฅูุชุงุฌ ุงููุนุฑูุฉ ุงูุฃูุงุฏูููุฉุ ุจู ูู ุฃูุถุง ุญุงุถูุฉ ููุชุนุจูุฑ ุงูููู ูุงูุฅุจุฏุงุนูุ ูุฃู ุชุนุฒูุฒ ุงูุฃูุดุทุฉ ุงูุซูุงููุฉ ููุณุฌู ูุน ุฑุคูุฉ ุงููุทุงุน ุงููุงุฏูุฉ ุฅูู ุชูููู ุทุงูุจ ูุชูุงูู ูุฌูุน ุจูู ุงูุชูููู ุงูุนููู ูุงูุญุณ ุงูุฅุจุฏุงุนู.\r\n          ูู ุฌูุชูุง ุฃูุฏุช ูุฒูุฑุฉ ุงูุซูุงูุฉ ูุงูููููุ ุฃู ุจุฑูุงูุฌ ุงููุณุฑุญ ูู ุงูุฌุงูุนุฉ ููุซู ุฑุงูุนุฉ ููุฑูุฉ ูุชุฑุจููุฉ ุชุณูู ูู ุชุทููุฑ ุดุฎุตูุฉ ุงูุทุงูุจ ูุชุฑุณูุฎ ููุงุฑุงุช ุงูุชูุงุตู ูุงูุชูููุฑ ุงูููุฏู ูุฑูุญ ุงููุจุงุฏุฑุฉ ูุงูุนูู ุงูุฌูุงุนูุ ูุดูุฑุฉ ุฅูู ุฃู ูุฐู ุงูุฏูุฑุงุช ุชุนูุณ ุบูู ุงูุฌุงูุนุฉ ุงูุฌุฒุงุฆุฑูุฉ ุจุทุงูุงุช ุฅุจุฏุงุนูุฉ ุดุงุจุฉ ูุงุฏุฑุฉ ุนูู ุงูุชููุฒ ูุชู ุชููุฑุช ููุง ุจูุฆุฉ ููุงุฆูุฉ ููุชูููู ูุงูููุงุฑุณุฉ ุงููููุฉ.\r\n       ูุดุฏุฏุช ุงูุณูุฏุฉ ุงููุฒูุฑุฉ ุนูู ุฃูููุฉ ุชุนุฒูุฒ ุงูุดุฑุงูุฉ ุจูู ูุทุงุนู ุงูุซูุงูุฉ ูุงูุชุนููู ุงูุนุงููุ ูุนุชุจุฑุฉ ุฃู ูุฐุง ุงูุชุนุงูู ุถุฑูุฑุฉ ุงุณุชุฑุงุชูุฌูุฉ ูุชุทููุฑ ุงููุนู ุงููุณุฑุญู ุฏุงุฎู ุงูุฌุงูุนุฉ ููุชุญ ุขูุงู ุฃูุณุน ููุงุจุชูุงุฑ ูุงูุชุฌุฑูุจุ ุจูุง ูููุญ ุงูุญูุงุฉ ุงูุฌุงูุนูุฉ ุฏููุงููููุฉ ุซูุงููุฉ ูุณุชูุฑุฉ ููุตูู ููุงูุจ ุงูุดุจุงุจ ููููุญูู ุฃุฏูุงุช ุงูุชุนุจูุฑ ุงูููู.\r\n       ููุง ุฃูุถุญุช ุฃู ูุฐุง ุงูููุณู ุณูุดูุฏ ุชูุณูุน ุฏุงุฆุฑุฉ ุงูุนุฑูุถ ุนุจุฑ ุงูุฌุงูุนุงุช ูุฏูุฑ ุงูุซูุงูุฉุ ูุชุนุฒูุฒ ุงูุดุฑุงูุงุช ูุน ุงูุฌูุนูุงุช ูุงูุชุนุงูููุงุช ุงููุณุฑุญูุฉุ ุฅูู ุฌุงูุจ ุฅุดุฑุงู ุงูุทูุจุฉ ูู ูุดุงุฑูุน ูููุฉ ุชุฌูุน ุจูู ุงูุฌุงูุจ ุงููุธุฑู ูุงูููุงุฑุณุฉ ุงููุนููุฉ ููู ุงูุฎุดุจุฉุ ุจูุง ูุฑุณุฎ ุซูุงูุฉ ูุณุฑุญูุฉ ุฌุงูุนูุฉ ููุงูุจุฉ ููุชุญููุงุช ุงูุซูุงููุฉ ูุงูุงุฌุชูุงุนูุฉ ุงูุฑุงููุฉ.\r\n     ูุฃูุฏุช ุงููุฒูุฑุฉ ุฃู ุฏุนู ูุฐุง ุงูุจุฑูุงูุฌ ููุซู ุงุณุชุซูุงุฑุง ูู ุงูุดุจุงุจ ุจุงุนุชุจุงุฑูู ุฑูุงู ุงููุณุชูุจู ููุตุฏุฑ ุงูุฅุจุฏุงุน ุงููุทููุ ูุดุฏุฏุฉ ุนูู ุงูุชุฒุงู ุงููุฒุงุฑุฉ ุจููุงุตูุฉ ูุฑุงููุฉ ุงูุจุฑูุงูุฌ ูุชุทููุฑ ุขููุงุช ุงูุชุนุงูู ูุน ุงููุคุณุณุงุช ุงูุฌุงูุนูุฉ ูุงูุซูุงููุฉ ูุถูุงู ุงุณุชูุฑุงุฑูุชู ููุนุงููุชูุ ูุฏุนุช ุงูุทูุจุฉ ุฅูู ุงูุชูุงุนู ุงูุฅูุฌุงุจู ูุฅุจุฑุงุฒ ูุง ุชุฒุฎุฑ ุจู ุงูุฌุงูุนุฉ ุงูุฌุฒุงุฆุฑูุฉ ูู ูุนู ููุณุคูููุฉ ูุฅุจุฏุงุน.\r\n       ููุชู ุจุนุฏ ุฐูู ูุชุงุจุนุฉ ุนุฑุถ ูุณุฑุญู ุจุนููุงู ุงูุนุดุงุก ุงูุฃุฎูุฑ ูู ุชูุฏูู ุงููุฑูุฉ ุงููุณุฑุญูุฉ ุงูุทูุงุจูุฉ ูุฌุงูุนุฉ ุงูุฌููุงูู ุงููุงุจุณ ุณูุฏู ุจูุนุจุงุณุ ุงููุชูุฌุฉ ุจุงููุฑุชุจุฉ ุงูุฃููู ูุทููุง ูู ุงูููุฑุฌุงู ุงููุทูู ูููุณุฑุญ ุงูุฌุงูุนู ุงูููุงู ุจููุงูุฉ ูุณูุทููุฉ.\r\n    ูุงุฎุชุชูุช ุงููุนุงููุฉ ุจุชูุฑูู ุงููุฑูุฉ ุงููุณุฑุญูุฉ ุงูุทูุงุจูุฉ ุชูุฏูุฑุง ูุฅุจุฏุงุนูุง ูุชุดุฌูุนุง ููููุงูุจ ุงูุฌุงูุนูุฉ ุงูุตุงุนุฏุฉ.', 'news_693b0ac2065d7_1765477058.jpg', 'https://www.m-culture.gov.dz/', 'published', '2025-12-11 00:00:00', 1, '2025-12-11 18:17:38', '2025-12-11 18:17:44'),
(11, 'ุงุฎุชุชุงู ุงูุตุงููู ุงูุฌุฒุงุฆุฑ ุงูุฏููู ูููุชุงุจ', 'ุฃุดุฑูุช ุงูุณูุฏุฉ ููููุฉ ุจู ุฏูุฏุฉ ูุฒูุฑุฉ ุงูุซูุงูุฉ ูุงูููููุ ูุณุงุก ุงููููุ ุนูู ูุนุงููุงุช ุงุฎุชุชุงู ุงูุทุจุนุฉ ุงูุซุงููุฉ ูุงูุนุดุฑูู (28) ูุตุงููู ุงูุฌุฒุงุฆุฑ ุงูุฏููู ูููุชุงุจ (ุณููุง 2025)ุ ุงูุฐู ุงุญุชุถูุชู ูุงุนุฉ ุงููุญุงุถุฑุงุช ุงููุจุฑู \"ุขุณูุง ุฌุจุงุฑ\" ุจูุตุฑ ุงููุนุงุฑุถ โ ุงูุตููุจุฑ ุงูุจุญุฑู ุตุงููุณุ ุจุญุถูุฑ ุซูุฉ ูู ุงูุดุฎุตูุงุช ุงูุซูุงููุฉ ูุงูููุฑูุฉ ุงููุงุฒูุฉ.\r\n         ูุฌุฑู ุงูุญูู ูู ุฃุฌูุงุก ุงุญุชูุงููุฉ ููุนูุฉ ุจุฑูุญ ุงููุนุฑูุฉ ูุงูุฅุจุฏุงุนุ ุญูุซ ุฃููู ุงูุณูุฏ ูุญุงูุธ ุงูุตุงููู ูููุฉ ุงุณุชุนุฑุถ ูููุง ุญุตููุฉ ูุฐู ุงูุทุจุนุฉ ุงูุชู ุฌูุนุช ุถูููุง ูู ูุฎุชูู ุงููุงุฑุงุชุ ูุฌุนูุช ูู ุงููุชุงุจ ูุถุงุก ุฌุงูุนุง ููุญูุงุฑ ูุงูุชุจุงุฏู ุงูุซูุงูู ุชุญุช ุดุนุงุฑ: \"ุงููุชุงุจ.. ููุชูู ุงูุซูุงูุงุช\".\r\n         ููู ูููุชูุงุ ุนุจูุฑุช ุงูุณูุฏุฉ ุงููุฒูุฑุฉ ุนู ูุฎุฑูุง ุจูุฐุง ุงูููุงุก ุงูุซูุงูู ุงููุจูุฑ ุงูุฐู ุฌูุน ุงููููุฉ ุจุงูููุฑ ูุงูุฎูุงู ุนูู ุงูุชุฏุงุฏ ุนุดุฑุฉ ุฃูุงู ูู ุงูุฅุจุฏุงุน ูุงูุญูุงุฑุ ูุคูุฏุฉ ุฃู ุงูุฏูุฑุฉ ุชุนุจู ุจุฑุงุฆุญุฉ ุงูุญุจุฑ ูุชุถุฌ ุจุฃุตูุงุช ุงููุฑุงุกุ ูุฃู ุงูุฌุฒุงุฆุฑุ ุญูู ุชูุชุญ ููุจูุง ูููุชุงุจุ ุชูุตุช ุฅูููุง ูู ูุบุงุช ุงูุนุงููุ ูุฃู ูุง ุดูุฏู ุงูุตุงููู ูู ุญุถูุฑ ุงุณุชุซูุงุฆู ููุญุชูู ููุฑู ูุซูุงูู ุบูู ูุดูู ุตูุฑุฉ ูุงุตุนุฉ ูุฌุฒุงุฆุฑ ุงูุซูุงูุฉ ุงูุชู ุชูุฑุฃ ูุชููุฑ ูุชุชุญุงูุฑ. ููุง ูุนุฏุช ุงูุณูุฏุฉ ุงููุฒูุฑุฉ ุจุฃู ุชูุฏุฏ ุฃูุงู ุงูุตุงููู ูู ุงูุทุจุนุฉ ุงูููุจูุฉุ ูุชุชูุญ ุงููุฒูุฏ ูู ุงูููุช ููุญูุงุฑ ุงูุซูุงูู ูุงูุชุจุงุฏู ุงูููุฑู ุจูู ุงููุดุงุฑููู ูุงูุฒูุงุฑ.\r\n       ูุฃุจุฑุฒุช ุงููุฒูุฑุฉ ุฃู ุงููุชุงุจ ูุงู ูุณูุจูู ูู ุตููู ุงูุณูุงุณุงุช ุงูุซูุงููุฉ ุงููุทููุฉุ ูุดูุฑุฉ ุฅูู ุฃู ูุฌุงุญ ูุฐู ุงูุทุจุนุฉ ุฌุงุก ุซูุฑุฉ ุนูู ุฌูุงุนู ูุจุฅุฑุงุฏุฉ ุงูุฏููุฉุ ูุฃุถุงูุช:\r\n      \"ููุฃู ุงูุฑูุงูุงุช ูุงูุช ูุจูุฑุฉุ ููุฏ ูุงู ุงูุชุญุฏู ูุถุงุนูุง. ุชุณููุช ุงูููุงู ูุจู ุฃูู ูู ุดูุฑูู ูู ููุนุฏ ุงูุตุงูููุ ููู ุงูุนุฒููุฉ ูุงูุช ุฃููู ูู ุนุงูู ุงูููุช. ุนูููุง ุจุฑูุญ ุงููุฑูู ุงููุงุญุฏุ ุญุชู ุฎุฑุฌุช ูุฐู ุงูุทุจุนุฉ ูู ุฃุจูุง ุญูุฉุ ุชููู ุจุตูุฑุฉ ุงูุฌุฒุงุฆุฑ: ุฌุฒุงุฆุฑ ูููุชุญุฉ ุนูู ุงูุนุงููุ ูุนุชุฒุฉ ุจุชุฑุงุซูุง ูุญุฑูููุง ููููุชูุง. ูุญุฑุตูุง ุนูู ุงุณุชูุฑุงุฑูุฉ ุงููุฌุงุญ ูุชุนุฒูุฒูุ ูุฌูุช ููุฐ ุงูุขู ุชุนูููุงุช ูุงูุทูุงู ุงูุชุญุถูุฑุงุช ุงูุฎุงุตุฉ ุจุงูุทุจุนุฉ ุงูููุจูุฉุ ูุจุงุดุฑูุง ุงูุนูู ูุถูุงู ุฃู ุชููู ุงูุฏูุฑุฉ ุงููุงุฏูุฉ ุฃูุซุฑ ุฅุดุนุงุนุง ูุฃูุณุน ุญุถูุฑุง ูุฃุนูู ุฃุซุฑุงุ ูุฃู ุชุตู ุฅูู ูู ุงููุทูุ ูุฃู ุงูุซูุงูุฉ ูุถุงุก ูุดุชุฑู ูุฌุจ ุฃู ูุจูุบ ูู ุจูุช ููู ููุชุจุฉ ููู ูุงุฑุฆ ูุญูู ุจูุชุงุจ ุฌุฏูุฏ.\"\r\n       ูุงุฎุชุชูุช ุงูุณูุฏุฉ ุงููุฒูุฑุฉ ุจุงูุชุฃููุฏ ุนูู ุฃู ุงูุซูุงูุฉ ููุฉ ุจูุงุก ูุจู ุฃู ุชููู ูุฌุงูุง ููุชุนุจูุฑุ ูุฃู ุงููุฑุงุกุฉ ูุนู ูุนู ูุชุญุฑุฑ ููููุถุ ูุดุฏุฏุฉ ุนูู ููุงุตูุฉ ุงูุนูู ุจุซุจุงุช ูุฅุตุฑุงุฑ ุญุชู ูุตุจุญ ุงููุชุงุจ ุฑูููุง ููููุง ููู ุฌุฒุงุฆุฑู ูุฌุฒุงุฆุฑูุฉุ ูุชุธู ุงูุฌุฒุงุฆุฑ ููุงุฑุฉ ููุซูุงูุฉ ูููุตุฏุง ูููุจุฏุนููุ ููุถุงุก ุฑุญุจุง ููุญูุงุฑ ุงูุฅูุณุงููุ ูุนููุฉ: ูุง ุฃุฌูู ุงูุฌุฒุงุฆุฑ ููู ุชูุฑุฃ.\r\n        ูุดูุฏ ุงูุญูู ุชูุฑูู ุณุจุน ุดุฎุตูุงุช ุซูุงููุฉ ูููุฑูุฉ ุชุฑูุช ุจุตูุชูุง ูู ุงููุดูุฏ ุงูุฃุฏุจู ูุงูููู ุงููุทููุ ููู: ุงูุจุฑูููุณูุฑ ุนุจุฏ ุงูุญููุฏ ุจูุฑุงููุ ุงูุจุฑูููุณูุฑ ูุฎููู ุนุงูุฑุ ุงูุดุงุนุฑุฉ ูุงุฏูุฉ ููุงุตุฑุ ุงูุดุงุนุฑ ุนุจุฏ ุงูุญููุฏ ุดููููุ ุงูุฏูุชูุฑุฉ ุงูุดุงุนุฑุฉ ุญุจูุจุฉ ูุญูุฏูุ ุงูุฃุณุชุงุฐุฉ ูุงูุจุงุญุซุฉ ูุฑูุณุชูุงู ุดููู ุนุงุดูุฑุ ูุงููุงุชุจ ุจุดูุฑ ุฎููุ ุฅูู ุฌุงูุจ ุงูุฅุนูุงู ุนู ุฃูุถู ุฌูุงุญ ูุดุงุฑู ูู ูุฐู ุงูุทุจุนุฉ ููู \"ุฌูุงุญ ุงููุชุจ ุงููุงุฎุฑุฉ\" ูุชุชููุฌ ุงููุงุฆุฒูู ุจุฌุงุฆุฒุฉ ูุชุงุจู ุงูุฃูู ูู ุฏูุฑุชูุง ุงูุซุงููุฉ ุจุงููุบุงุช ุงูุนุฑุจูุฉ ูุงูุฃูุงุฒูุบูุฉ ูุงููุฑูุณูุฉ ูุงูุฅูุฌููุฒูุฉุ ููู ุงูุฌุงุฆุฒุฉ ุงูุชู ุชูุฏู ุฅูู ุชุดุฌูุน ุงูุฃููุงู ุงูุฌุฏูุฏุฉ ูุชุฑุณูุฎ ุซูุงูุฉ ุงููุชุงุจุฉ ูุงููุดุฑ ูุฏู ุงููุงุดุฆุฉ.', 'news_693b149a85788_1765479578.jpg', 'https://www.m-culture.gov.dz/', 'published', '2025-12-11 00:00:00', 1, '2025-12-11 18:59:38', '2025-12-11 19:00:13'),
(12, 'ุจุฑูุฏ ุงูุฌุฒุงุฆุฑ ุฅุตุฏุงุฑุงู ุทุงุจุนูุงู ูููุฒุงู ูููุฑููู ูู ุฎูุงูู ุณุชุฉ ูู ุฃุนูุงู ุงููุณุฑุญ ุงูุฌุฒุงุฆุฑู', 'ุจููุงุณุจุฉ ุงูููู ุงููุทูู ููููุงู ุงูููุงูู ูู 8 ุฌูุงู ุ ุงุทูู ุจุฑูุฏ ุงูุฌุฒุงุฆุฑ ุฅุตุฏุงุฑุงู ุทุงุจุนูุงู ูููุฒุงู ูููุฑููู ูู ุฎูุงูู ุณุชุฉ ูู ุฃุนูุงู ุงููุณุฑุญ ุงูุฌุฒุงุฆุฑู.\r\nุงูุณูุณูุฉ ุชุชุถูู ุณุชุฉ ุทูุงุจุน ุจุฑูุฏูุฉ ูุชูุงุณูุฉ ุชูุฌุณููุฏ ุจูุฑุชุฑููุงุช ูู ูู:\r\n๐น ูุญู ุงูุฏูู ุจุดุทุงุฑุฒู\r\n๐น ุนุงุฆุดุฉ ุนุฌูุฑู (ููุซูู)\r\n๐น ููุฏ ุนุจุฏ ุงูุฑุญูู ูุงูู\r\n๐น ุนุจุฏ ุงููุงุฏุฑ ุนูููุฉ\r\n๐น ุนุฒ ุงูุฏูู ูุฌูุจู\r\n๐น ุณูููุฉ ูููู (ุณูููุง)\r\nุงูุฑุณู: ูุนุชุฒ ุจุงููู ุฌููุงูู ุณุฑุจูุณ\r\nุงูุทุงุจุน ูุทุจูุน ูู ุทุฑู ูุทุจุนุฉ ุจูู ุงูุฌุฒุงุฆุฑ\r\nุชุญูุฉ ููุงุก ูุงุนุชุฑุงู ูุนุทุงุก ุฑููุฒ ุงููุณุฑุญ ุงูุฌุฒุงุฆุฑูุ ููู ุณุงูููุง ูู ุชุฑุณูุฎ ุงูุซูุงูุฉ ูุงููููุฉ ุงููุทููุฉ.', 'news_693b155f50d25_1765479775.jpg', 'https://www.tna.dz/', 'published', '2025-12-11 00:00:00', 0, '2025-12-11 19:02:55', '2025-12-11 19:02:55'),
(13, 'ุงูููู ุงูุนุงููู ููููููุฉ ุงูููุฑูุฉ 2025', 'ูู ุงุทุงุฑ ุงูุงุญุชูุงู ุจุงูููู ุงูุนุงููู ููููููุฉ ุงูููุฑูุฉ ุงุญุชุถูุช - ูุงุนุฉ ููุฏู ุฒูุฑูุง - ุจูุตุฑ ุงูุซูุงูุฉ - ุตุจุงุญ ููู ุงูุฎููุณ 24 ุงูุฑูู 2025 ูุฏูุฉ ูุทููุฉ ูู ุชูุธูู ุงูุฏููุงู ุงููุทูู ูุญููู ุงููุคูู ู ุงูุญููู ุงููุฌุงูุฑุฉ ุจุงูุชุนุงูู ูุน ุงูููุธูุฉ ุงูุนุงูููุฉ ููููููุฉ ุงูููุฑูุฉ (ุงูููุจู) ูุชุญุช ุฑุนุงูุฉ ุงูุณูุฏ \"ุฒููุฑ ุจููู\" ูุฒูุฑ ุงูุซูุงูุฉ ูุงููููู.\r\n       ุฎูุตุตุช ุงููุฏูุฉ ูููุงูุดุฉ ููุถูุน ุงูููุณููู ูุญููู ุงููุคูู ูู ุงูุนุตุฑ ุงูุฑูููุ ุจูุฏู ุชุนุฒูุฒ ุงูุชูุงูุณูุฉ ูู ุงูุตูุงุนุฉ ุงูููุณูููุฉ ุงูุฌุฒุงุฆุฑูุฉ ูุชูุนูุฉ ุงููุงุนููู ุจุงูุฅุทุงุฑ ุงููุงูููู ูููุงูุจุฉ ุงูุชุญููุงุช ุงูุฑูููุฉ.\r\n       ูุจุนุฏ ุงููุฑุงุณูู ุงูุงูุชุชุงุญูุฉ ุชู ุงุจุฑุงู ุงุชูุงููุฉ ุชุนุงูู ูุน ูุคุณุณุฉ ุชุณููุฑ ุญููู ุงููุคูููู ูุงูููุญููู \"capasso \" ูุฌููุจ ุฅูุฑูููุงุ\r\nูุชูุทูู ุจุนุฏูุง ุฃุดุบุงู ุงููุฏูุฉ ุงูุชู ุชุถููุช ุฌูุณุชูู ููุงุดูุชูู: ุงูุฃููู ุญูู ุงูููุงุฐุฌ ุงูุงูุชุตุงุฏูุฉ ุงูุฌุฏูุฏุฉ ููููุณูููุ ุจูุดุงุฑูุฉ ุณูุฏ ุนูู ุจุนุฒูุฒ ูุคุณุณ ูุฑุฆูุณ ูุฏูุฑ ุนุงู Dropzik ูููุฒุน ููุณูููุ ุงูุณูุฏ ูุงุจุช ุญูุงุดู ุงููุฏูุฑ ุงูุนุงู ูููุงุฉ ุงูุญูุงุฉ TVุ ูุญุณู ุญุฏุงุฏ ุตุงุญุจ ูุคุณุณุฉ ูุงุดุฆุฉ EasyBroadcastุ ู ุงูุณูุฏ ููุฏู ุฏููู ุงููุฏูุฑ ุงูุนุงู ุงููุณุงุนุฏ ุจุงูุฏููุงู. ุงูุซุงููุฉ ุชูุงููุช ุงูุฑูููุฉ ูุงูุฅุฏุงุฑุฉ ุงูุฌูุงุนูุฉุ ุจูุดุงุฑูุฉ ุงููุฏุฑุงุก ุงููุฑูุนููู ุจุงูุฏููุงู ุงุฏูุฑ ุงุณูุงุนููู ูุดูุณ ุงูุฏูู ุญุฏุงุฏุ ู ุงูููุงููู ุณููุงู ุฒุฑูุงูู ูุณููุฑุฉ ุจุฑุงูููุฉ.\r\n       ูุชูุฏู ุงูุฏููุงู ุจุงูุดูุฑ ููู ูู ุณุงูู ูู ุฅูุฌุงุญ ุงููุฏูุฉุ ููุฌุฏุฏ ุงูุชุฒุงูู ุจุชุนุฒูุฒ ุงูููููุฉ ุงูููุฑูุฉ ูุฑุงูุนุฉ ููุชูููุฉ ุงูุงูุชุตุงุฏูุฉ ูุงูุซูุงููุฉ ูููุจุฏุนูู ุงูุฌุฒุงุฆุฑููู.', 'news_693b17158423f_1765480213.jpg', 'https://onda.dz/', 'published', '2025-12-11 00:00:00', 1, '2025-12-11 19:10:13', '2025-12-11 21:43:29');

-- --------------------------------------------------------

--
-- Structure de la table `notifications`
--

CREATE TABLE `notifications` (
  `id` int(11) NOT NULL,
  `user_id` int(11) DEFAULT NULL,
  `title` varchar(255) NOT NULL,
  `message` text NOT NULL,
  `type` enum('info','success','warning','danger','overdue','new_member','reservation') DEFAULT 'info',
  `is_read` tinyint(1) DEFAULT 0,
  `link` varchar(255) DEFAULT NULL,
  `created_at` timestamp NULL DEFAULT current_timestamp(),
  `read_at` timestamp NULL DEFAULT NULL
) ENGINE=InnoDB DEFAULT CHARSET=utf8mb4 COLLATE=utf8mb4_unicode_ci;

--
-- Dรฉchargement des donnรฉes de la table `notifications`
--

INSERT INTO `notifications` (`id`, `user_id`, `title`, `message`, `type`, `is_read`, `link`, `created_at`, `read_at`) VALUES
(4, 2, 'โ ุชู ุฅุฑุฌุงุน ุงููุชุงุจ', 'ุชู ุฅุฑุฌุงุน ูุชุงุจู ุจูุฌุงุญ.', 'success', 0, '/member/loans.php', '2025-12-06 17:17:52', NULL),
(17, 8, 'โ ุชู ุงูููุงููุฉ ุนูู ุญุณุงุจู', 'ูุฑุญุจุงู ุจู ูู ููุชุจุชูุง! ููููู ุงูุขู ุงุณุชุนุงุฑุฉ ุงููุชุจ ูุงูุงุณุชูุงุฏุฉ ูู ุฌููุน ุงูุฎุฏูุงุช.', 'success', 0, '/profile.php', '2025-12-09 21:47:40', NULL),
(18, 9, 'โ ุชู ุงูููุงููุฉ ุนูู ุญุณุงุจู', 'ูุฑุญุจุงู ุจู ูู ููุชุจุชูุง! ููููู ุงูุขู ุงุณุชุนุงุฑุฉ ุงููุชุจ ูุงูุงุณุชูุงุฏุฉ ูู ุฌููุน ุงูุฎุฏูุงุช.', 'success', 0, '/profile.php', '2025-12-09 21:47:42', NULL),
(19, 7, 'ุชู ุชุณุฌูู ุญุฌุฒู', 'ุชู ุชุณุฌูู ุญุฌุฒู ูููุชุงุจ: Harry Potter and the Sorcerer\'s Stone - ุชุฑุชูุจู ูู ูุงุฆูุฉ ุงูุงูุชุธุงุฑ: 1', 'info', 1, '/public_library_trea/public/member/reservations.php', '2025-12-10 20:09:32', NULL),
(20, 9, 'ุฅุนุงุฑุฉ ุฌุฏูุฏุฉ', 'ุชูุช ุฅุนุงุฑุฉ ุงููุชุงุจ: Harry Potter and the Sorcerer\'s Stone - ุฑูุฒ ุงููุณุฎุฉ: C-12-13 - ุชุงุฑูุฎ ุงูุฅุฑุฌุงุน: 2025-12-10', '', 0, NULL, '2025-12-10 21:10:30', NULL),
(21, 9, 'ุฅุนุงุฑุฉ ูุชุฃุฎุฑุฉ', 'ุชูุจูู: ุงููุชุงุจ \'Harry Potter and the Sorcerer\'s Stone\' ูุชุฃุฎุฑ ุจู 1 ุฃูุงู. ุงูุฑุฌุงุก ุฅุฑุฌุงุนู ูู ุฃูุฑุจ ููุช!', 'overdue', 0, NULL, '2025-12-10 23:01:21', NULL),
(22, 9, 'ุชู ุญุธุฑ ุญุณุงุจู', 'ุชู ุญุธุฑ ุญุณุงุจู ูู ูุจู ุงูุฅุฏุงุฑุฉ. ูุฑุฌู ุงูุชูุงุตู ูุน ุงูููุชุจุฉ ููุฒูุฏ ูู ุงููุนูููุงุช.', 'danger', 0, NULL, '2025-12-11 17:48:53', NULL),
(23, 9, 'ุชู ุฅูุบุงุก ุญุธุฑ ุญุณุงุจู', 'ุชู ุฅูุบุงุก ุญุธุฑ ุญุณุงุจู. ููููู ุงูุขู ุงุณุชุฆูุงู ุงุณุชุนุงุฑุฉ ุงููุชุจ.', 'success', 0, NULL, '2025-12-11 17:49:00', NULL),
(24, 9, 'ุฅุนุงุฑุฉ ูุชุฃุฎุฑุฉ', 'ุชูุจูู: ุงููุชุงุจ \'Harry Potter and the Sorcerer\'s Stone\' ูุชุฃุฎุฑ ุจู 1 ุฃูุงู. ุงูุฑุฌุงุก ุฅุฑุฌุงุนู ูู ุฃูุฑุจ ููุช!', 'overdue', 0, NULL, '2025-12-11 21:39:44', NULL),
(25, 9, 'ุฅุนุงุฑุฉ ูุชุฃุฎุฑุฉ', 'ุชูุจูู: ุงููุชุงุจ \'Harry Potter and the Sorcerer\'s Stone\' ูุชุฃุฎุฑ ุจู 1 ุฃูุงู. ุงูุฑุฌุงุก ุฅุฑุฌุงุนู ูู ุฃูุฑุจ ููุช!', 'overdue', 0, NULL, '2025-12-11 21:41:51', NULL);

-- --------------------------------------------------------

--
-- Structure de la table `password_resets`
--

CREATE TABLE `password_resets` (
  `id` int(11) NOT NULL,
  `user_id` int(11) NOT NULL,
  `token` varchar(64) NOT NULL,
  `expires_at` datetime NOT NULL,
  `created_at` timestamp NOT NULL DEFAULT current_timestamp()
) ENGINE=InnoDB DEFAULT CHARSET=utf8mb4 COLLATE=utf8mb4_unicode_ci;

--
-- Dรฉchargement des donnรฉes de la table `password_resets`
--

INSERT INTO `password_resets` (`id`, `user_id`, `token`, `expires_at`, `created_at`) VALUES
(1, 7, 'b5473aeba1742081cebfd69ddd6bebde0e71272e83954f953b6b9e37c79dc6d0', '2025-12-07 19:30:10', '2025-12-07 16:30:10'),
(2, 7, 'faf8a1d7522bb48190f50e3fc8755d8e944a6bf45cd6986f015d533959c19f98', '2025-12-07 19:35:09', '2025-12-07 16:35:09'),
(3, 7, 'baa0f1864ddb39c08c8f77637c77bbaef88e64af764cc33dbf9ec469c67ec2b4', '2025-12-07 20:37:06', '2025-12-07 17:37:06'),
(4, 7, '3069522c60722250e0e7eea4708b0ec062ca072e389e760a8ed0f6f460484c7d', '2025-12-07 21:07:30', '2025-12-07 18:07:30'),
(5, 7, 'be3c9aac55b6fcf749f849fe0019712b42dba2962db6a7893036565d794c9ba4', '2025-12-07 21:14:29', '2025-12-07 18:14:29'),
(6, 7, '9ddb195ef509c4cb8dc941f10171152534048c3051143a2470596d1958bfcd77', '2025-12-07 21:15:51', '2025-12-07 18:15:51'),
(7, 7, 'e8e49964f969c4f7a8e9b2cc02f8f13d920798d36140a1b95bd472633637a07f', '2025-12-07 22:24:27', '2025-12-07 19:24:27'),
(8, 7, 'aa319e6da4bd68774b5e2e0d96a360913c9a101a2ab494b5fa349d2cefe83b31', '2025-12-07 22:38:20', '2025-12-07 19:38:20'),
(9, 7, 'b4eb21f6dce4dc7168681b67fd83e5f300bfdf07aa8f7e092cc0395a7de8c2d2', '2025-12-07 22:46:24', '2025-12-07 19:46:24');

-- --------------------------------------------------------

--
-- Structure de la table `payments`
--

CREATE TABLE `payments` (
  `id` int(11) NOT NULL,
  `loan_id` int(11) NOT NULL,
  `member_id` int(11) NOT NULL,
  `amount` decimal(10,2) NOT NULL,
  `method` enum('cash','card','transfer') DEFAULT 'cash',
  `status` enum('paid','refunded') DEFAULT 'paid',
  `notes` text DEFAULT NULL,
  `paid_at` datetime NOT NULL DEFAULT current_timestamp()
) ENGINE=InnoDB DEFAULT CHARSET=utf8mb4 COLLATE=utf8mb4_unicode_ci;

-- --------------------------------------------------------

--
-- Structure de la table `permissions`
--

CREATE TABLE `permissions` (
  `id` int(11) NOT NULL,
  `role` enum('admin','librarian','member') NOT NULL,
  `module` varchar(50) NOT NULL,
  `can_view` tinyint(1) DEFAULT 1,
  `can_create` tinyint(1) DEFAULT 0,
  `can_edit` tinyint(1) DEFAULT 0,
  `can_delete` tinyint(1) DEFAULT 0
) ENGINE=InnoDB DEFAULT CHARSET=utf8mb4 COLLATE=utf8mb4_general_ci;

-- --------------------------------------------------------

--
-- Structure de la table `publishers`
--

CREATE TABLE `publishers` (
  `id` int(11) NOT NULL,
  `name` varchar(150) NOT NULL,
  `address` varchar(255) DEFAULT NULL,
  `phone` varchar(50) DEFAULT NULL,
  `email` varchar(150) DEFAULT NULL
) ENGINE=InnoDB DEFAULT CHARSET=utf8mb4 COLLATE=utf8mb4_unicode_ci;

--
-- Dรฉchargement des donnรฉes de la table `publishers`
--

INSERT INTO `publishers` (`id`, `name`, `address`, `phone`, `email`) VALUES
(1, 'ุฏุงุฑ ุงูุดุฑูู', NULL, NULL, NULL),
(2, 'ุฏุงุฑ ุงููุชุจ', NULL, NULL, NULL),
(3, 'ูููู ุงูุนุฑุจ', NULL, NULL, NULL),
(6, 'ุฏุงุฑ ุงูููุฑ', NULL, NULL, NULL);

-- --------------------------------------------------------

--
-- Structure de la table `push_subscriptions`
--

CREATE TABLE `push_subscriptions` (
  `id` int(11) NOT NULL,
  `user_id` int(11) DEFAULT NULL,
  `endpoint` varchar(1024) NOT NULL,
  `p256dh` varchar(512) DEFAULT NULL,
  `auth` varchar(256) DEFAULT NULL,
  `created_at` timestamp NOT NULL DEFAULT current_timestamp()
) ENGINE=InnoDB DEFAULT CHARSET=utf8mb4 COLLATE=utf8mb4_general_ci;

--
-- Dรฉchargement des donnรฉes de la table `push_subscriptions`
--

INSERT INTO `push_subscriptions` (`id`, `user_id`, `endpoint`, `p256dh`, `auth`, `created_at`) VALUES
(1, 1, 'https://fcm.googleapis.com/fcm/send/cr0vHz38UJE:APA91bHwQrxIE25al2WBFQ6xFziPmyabDxSLjzF8x3kOV7ns89mZsxz30j5QE3G5EO8kEvk404SwHzW_uWJ93D_rV8rN8UqhdcAgXwLBJLi5fKrLAodz6xo7UmJby80KcO_cApKiStIA', 'BBbPptgq5FAJ8Mbf0WctYduviT70iuebj8gv6CYcfTXpp2ecbw7Gc0fTZUlIE_DFxY4XA2S8nPx1etK44p5W0-k', '5JZe66Mr1USXTVUuDCyWjA', '2025-12-12 21:50:12');

-- --------------------------------------------------------

--
-- Structure de la table `reservations`
--

CREATE TABLE `reservations` (
  `id` int(11) NOT NULL,
  `member_id` int(11) NOT NULL,
  `book_id` int(11) NOT NULL,
  `reserve_date` datetime NOT NULL DEFAULT current_timestamp(),
  `expire_date` datetime DEFAULT NULL,
  `status` enum('pending','approved','cancelled') DEFAULT 'pending'
) ENGINE=InnoDB DEFAULT CHARSET=utf8mb4 COLLATE=utf8mb4_unicode_ci;

-- --------------------------------------------------------

--
-- Structure de la table `role_permissions`
--

CREATE TABLE `role_permissions` (
  `id` int(11) NOT NULL,
  `role` enum('admin','librarian','member') NOT NULL,
  `module` varchar(50) NOT NULL,
  `can_view` tinyint(1) DEFAULT 1,
  `can_create` tinyint(1) DEFAULT 0,
  `can_edit` tinyint(1) DEFAULT 0,
  `can_delete` tinyint(1) DEFAULT 0,
  `created_at` timestamp NOT NULL DEFAULT current_timestamp()
) ENGINE=InnoDB DEFAULT CHARSET=utf8mb4 COLLATE=utf8mb4_general_ci;

-- --------------------------------------------------------

--
-- Structure de la table `settings`
--

CREATE TABLE `settings` (
  `id` int(11) NOT NULL,
  `name` varchar(100) NOT NULL,
  `value` text DEFAULT NULL,
  `created_at` timestamp NULL DEFAULT current_timestamp(),
  `updated_at` timestamp NULL DEFAULT NULL ON UPDATE current_timestamp()
) ENGINE=InnoDB DEFAULT CHARSET=utf8mb4 COLLATE=utf8mb4_unicode_ci;

--
-- Dรฉchargement des donnรฉes de la table `settings`
--

INSERT INTO `settings` (`id`, `name`, `value`, `created_at`, `updated_at`) VALUES
(1, 'site_name', 'ุงููุงุฌูุฉ ุงูุฅููุชุฑูููุฉ ููููุชุจุฉ ุงูุนููููุฉ ูููุทุงูุนุฉ (ูุณุฎุฉ ุฅุดูุงุฑูุฉ )', '2025-12-05 22:49:17', '2025-12-11 19:35:33'),
(2, 'site_description', 'ููุชุจุฉ ุฑูููุฉ ุดุงููุฉ ูุฌููุน ุฃููุงุน ุงููุชุจ ูุงููุฑุงุฌุน', '2025-12-05 22:49:17', '2025-12-07 14:33:53'),
(3, 'site_keywords', 'ููุชุจุฉ, ูุชุจ, ูุฑุงุกุฉ, ุซูุงูุฉ, ูุฑููุฉ', '2025-12-05 22:49:17', '2025-12-05 22:53:21'),
(4, 'site_language', 'en', '2025-12-05 22:49:17', '2025-12-05 22:53:21'),
(5, 'contact_email', 'ohbrahim@hotmail.com', '2025-12-05 22:49:17', '2025-12-05 22:53:21'),
(6, 'contact_phone', '+213 661464619', '2025-12-05 22:49:17', '2025-12-05 22:53:21'),
(7, 'contact_address', 'ูุฑููุฉุ ุงูุฌุฒุงุฆุฑ', '2025-12-05 22:49:17', '2025-12-05 22:53:21'),
(8, 'loan_duration', '1', '2025-12-05 22:49:17', '2025-12-06 19:42:38'),
(9, 'late_fee', '50', '2025-12-05 22:49:17', '2025-12-05 22:53:21'),
(10, 'max_loans', '3', '2025-12-05 22:49:17', '2025-12-05 22:53:21'),
(11, 'items_per_page', '20', '2025-12-05 22:49:17', '2025-12-05 22:53:21'),
(12, 'maintenance_mode', '0', '2025-12-05 22:49:17', '2025-12-07 16:17:50'),
(13, 'allow_registration', '1', '2025-12-05 22:49:17', '2025-12-05 22:53:21'),
(14, 'copyright_text', 'ยฉ 2025 ุฌููุน ุงูุญููู ูุญููุธุฉ', '2025-12-05 22:49:17', '2025-12-05 22:53:21'),
(15, 'working_days', 'ุงูุณุจุช - ุงูุฎููุณ', '2025-12-05 22:49:17', '2025-12-05 22:53:21'),
(16, 'working_hours', '08:00 - 17:00', '2025-12-05 22:49:17', '2025-12-05 22:53:21'),
(17, 'contact_mobile', '', '2025-12-05 22:50:54', '2025-12-05 22:53:21'),
(18, 'contact_fax', '', '2025-12-05 22:50:54', '2025-12-05 22:53:21'),
(19, 'social_facebook', 'https://www.facebook.com/BPLPO', '2025-12-05 22:50:54', '2025-12-05 22:53:21'),
(20, 'social_twitter', '', '2025-12-05 22:50:54', '2025-12-05 22:53:21'),
(21, 'social_instagram', '', '2025-12-05 22:50:54', '2025-12-05 22:53:21'),
(22, 'social_youtube', '', '2025-12-05 22:50:54', '2025-12-05 22:53:21'),
(23, 'social_linkedin', '', '2025-12-05 22:50:54', '2025-12-05 22:53:21'),
(24, 'google_analytics', '', '2025-12-05 22:50:54', '2025-12-05 22:53:21'),
(26, 'loan_period', '14', '2025-12-06 22:22:56', NULL),
(27, 'max_loans_per_member', '3', '2025-12-06 22:22:56', NULL),
(28, 'fine_per_day', '10', '2025-12-06 22:22:56', NULL),
(29, 'reservation_expiry_days', '3', '2025-12-06 22:22:56', NULL),
(30, 'site_email', 'library@example.com', '2025-12-06 22:22:56', NULL),
(31, 'site_phone', '0123456789', '2025-12-06 22:22:56', NULL),
(32, 'site_address', 'ุดุงุฑุน ุงูููุชุจุฉุ ุงูุฌุฒุงุฆุฑ', '2025-12-06 22:22:56', NULL),
(33, 'library_email', 'ohbrahim@hotmail.com', '2025-12-07 13:06:26', NULL),
(34, 'library_phone', '+213770235870', '2025-12-07 13:06:26', '2025-12-07 13:08:14'),
(35, 'library_address', 'ุงูุฌุฒุงุฆุฑ', '2025-12-07 13:06:26', '2025-12-11 19:31:23'),
(36, 'default_loan_period', '7', '2025-12-07 13:06:26', NULL),
(37, 'max_renewal_times', '2', '2025-12-07 13:06:26', NULL),
(38, 'reminder_days_before', '1', '2025-12-07 13:06:26', NULL),
(39, 'allow_reservations', '1', '2025-12-07 13:06:26', NULL),
(40, 'min_age', '13', '2025-12-07 13:06:26', NULL),
(41, 'card_expiry_period', '365', '2025-12-07 13:06:26', NULL),
(42, 'require_approval', '1', '2025-12-07 13:06:26', NULL),
(43, 'smtp_host', 'smtp.gmail.com', '2025-12-07 13:06:26', NULL),
(44, 'smtp_port', '587', '2025-12-07 13:06:26', NULL),
(45, 'smtp_username', 'info.inspect30@gmail.com', '2025-12-07 13:06:26', '2025-12-07 17:35:20'),
(46, 'smtp_password', 'mypj fkxc owyd mtwz', '2025-12-07 13:06:26', '2025-12-07 19:37:52'),
(47, 'smtp_encryption', 'tls', '2025-12-07 13:06:26', NULL),
(48, 'email_from_name', 'ุงูููุชุจุฉ ุงูุนุงูุฉ', '2025-12-07 13:06:26', NULL),
(49, 'email_from_address', 'noreply@library.dz', '2025-12-07 13:06:26', NULL),
(50, 'send_overdue_notifications', '1', '2025-12-07 13:06:26', NULL),
(51, 'send_reminder_before_due', '1', '2025-12-07 13:06:26', NULL),
(52, 'site_title', 'ุงููุงุฌูุฉ ุงูุฅููุชุฑูููุฉ ููููุชุจุฉ ุงูุนููููุฉ ูููุทุงูุนุฉ', '2025-12-07 13:12:38', '2025-12-11 19:31:23'),
(53, 'results_per_page', '20', '2025-12-07 13:12:38', NULL),
(54, 'google_analytics_id', '', '2025-12-07 13:12:38', NULL),
(55, 'maintenance_message', 'ุงููููุน ุชุญุช ุงูุตูุงูุฉ. ุณูุนูุฏ ูุฑูุจุงู.', '2025-12-07 13:12:38', NULL),
(56, 'facebook_url', 'https://www.facebook.com/ouledhadjbrahim.brahim', '2025-12-07 13:12:38', '2025-12-11 19:33:41'),
(57, 'twitter_url', 'https://x.com/ohbrahim', '2025-12-07 13:12:38', '2025-12-07 14:36:12'),
(58, 'instagram_url', '', '2025-12-07 13:12:38', NULL),
(59, 'youtube_url', '', '2025-12-07 13:12:38', NULL),
(60, 'linkedin_url', 'https://dz.linkedin.com/', '2025-12-07 13:12:38', '2025-12-07 14:36:13');

-- --------------------------------------------------------

--
-- Structure de la table `site_settings`
--

CREATE TABLE `site_settings` (
  `id` int(11) NOT NULL,
  `setting_key` varchar(100) NOT NULL,
  `setting_value` text DEFAULT NULL,
  `setting_type` enum('text','number','boolean','email','url','textarea') DEFAULT 'text',
  `description` varchar(255) DEFAULT NULL,
  `updated_at` timestamp NOT NULL DEFAULT current_timestamp() ON UPDATE current_timestamp()
) ENGINE=InnoDB DEFAULT CHARSET=utf8mb4 COLLATE=utf8mb4_unicode_ci;

--
-- Dรฉchargement des donnรฉes de la table `site_settings`
--

INSERT INTO `site_settings` (`id`, `setting_key`, `setting_value`, `setting_type`, `description`, `updated_at`) VALUES
(1, 'site_name', 'ุงูููุชุจุฉ ุงูุฑุฆูุณูุฉ ูููุทุงูุนุฉ ุงูุนููููุฉ ูุฑููุฉ', 'text', 'ุงุณู ุงููููุน', '2025-12-05 20:43:23'),
(2, 'site_email', 'library@example.com', 'email', 'ุงูุจุฑูุฏ ุงูุฅููุชุฑููู', '2025-12-05 20:43:23'),
(3, 'site_phone', '0123-456-789', 'text', 'ุฑูู ุงููุงุชู', '2025-12-05 20:43:23'),
(4, 'site_address', 'ูุฑููุฉุ ุงูุฌุฒุงุฆุฑ', 'textarea', 'ุงูุนููุงู', '2025-12-05 20:43:23'),
(5, 'facebook_url', '', 'url', 'ุฑุงุจุท ููุณุจูู', '2025-12-05 20:43:23'),
(6, 'twitter_url', '', 'url', 'ุฑุงุจุท ุชููุชุฑ', '2025-12-05 20:43:23'),
(7, 'instagram_url', '', 'url', 'ุฑุงุจุท ุฅูุณุชุบุฑุงู', '2025-12-05 20:43:23'),
(8, 'youtube_url', '', 'url', 'ุฑุงุจุท ููุชููุจ', '2025-12-05 20:43:23'),
(9, 'linkedin_url', '', 'url', 'ุฑุงุจุท ููููุฏ ุฅู', '2025-12-05 20:43:23'),
(10, 'news_ticker_enabled', '1', 'boolean', 'ุชูุนูู ุดุฑูุท ุงูุฃุฎุจุงุฑ', '2025-12-05 20:43:23'),
(11, 'news_ticker_speed', '50', 'number', 'ุณุฑุนุฉ ุดุฑูุท ุงูุฃุฎุจุงุฑ', '2025-12-05 20:43:23');

-- --------------------------------------------------------

--
-- Structure de la table `system_settings`
--

CREATE TABLE `system_settings` (
  `id` int(11) NOT NULL,
  `setting_key` varchar(100) NOT NULL,
  `setting_value` text DEFAULT NULL,
  `setting_type` enum('text','number','email','textarea','boolean') DEFAULT 'text',
  `category` varchar(50) DEFAULT 'general',
  `description` varchar(255) DEFAULT NULL,
  `updated_at` timestamp NULL DEFAULT current_timestamp() ON UPDATE current_timestamp()
) ENGINE=InnoDB DEFAULT CHARSET=utf8mb4 COLLATE=utf8mb4_unicode_ci;

--
-- Dรฉchargement des donnรฉes de la table `system_settings`
--

INSERT INTO `system_settings` (`id`, `setting_key`, `setting_value`, `setting_type`, `category`, `description`, `updated_at`) VALUES
(1, 'library_name', 'ุงูููุชุจุฉ ุงูุนุงูุฉ', 'text', 'general', 'ุงุณู ุงูููุชุจุฉ', '2025-12-07 12:58:49'),
(2, 'library_address', 'ุงูุฌุฒุงุฆุฑ', 'textarea', 'general', 'ุนููุงู ุงูููุชุจุฉ', '2025-12-07 12:58:49'),
(3, 'library_phone', '0123456789', 'text', 'general', 'ูุงุชู ุงูููุชุจุฉ', '2025-12-07 12:58:49'),
(4, 'library_email', 'info@library.dz', 'email', 'general', 'ุงูุจุฑูุฏ ุงูุฅููุชุฑููู ููููุชุจุฉ', '2025-12-07 12:58:49'),
(5, 'working_hours', 'ุงูุณุจุช - ุงูุฎููุณ: 8:00 ุต - 4:00 ู', 'textarea', 'general', 'ุณุงุนุงุช ุงูุนูู', '2025-12-07 12:58:49'),
(6, 'default_loan_period', '14', 'number', 'loan', 'ูุฏุฉ ุงูุฅุนุงุฑุฉ ุงูุงูุชุฑุงุถูุฉ (ุจุงูุฃูุงู)', '2025-12-07 12:58:49'),
(7, 'max_loans_per_member', '5', 'number', 'loan', 'ุงูุญุฏ ุงูุฃูุตู ููุฅุนุงุฑุงุช ููู ุนุถู', '2025-12-07 12:58:49'),
(8, 'fine_per_day', '10', 'number', 'loan', 'ูููุฉ ุงูุบุฑุงูุฉ ุงูููููุฉ (ุฏุฌ)', '2025-12-07 12:58:49'),
(9, 'max_renewal_times', '2', 'number', 'loan', 'ุนุฏุฏ ูุฑุงุช ุงูุชุฌุฏูุฏ ุงููุณููุญ ุจูุง', '2025-12-07 12:58:49'),
(10, 'allow_reservations', '1', 'boolean', 'loan', 'ุงูุณูุงุญ ุจุงูุญุฌูุฒุงุช', '2025-12-07 12:58:49'),
(11, 'smtp_host', 'smtp.gmail.com', 'text', 'email', 'ุฎุงุฏู SMTP', '2025-12-07 12:58:49'),
(12, 'smtp_port', '587', 'number', 'email', 'ูููุฐ SMTP', '2025-12-07 12:58:49'),
(13, 'smtp_username', '', 'email', 'email', 'ุงุณู ูุณุชุฎุฏู SMTP', '2025-12-07 12:58:49'),
(14, 'smtp_password', '', 'text', 'email', 'ูููุฉ ูุฑูุฑ SMTP', '2025-12-07 12:58:49'),
(15, 'smtp_encryption', 'tls', 'text', 'email', 'ููุน ุงูุชุดููุฑ (tls/ssl)', '2025-12-07 12:58:49'),
(16, 'email_from_name', 'ุงูููุชุจุฉ ุงูุนุงูุฉ', 'text', 'email', 'ุงุณู ุงููุฑุณู', '2025-12-07 12:58:49'),
(17, 'email_from_address', 'noreply@library.dz', 'email', 'email', 'ุจุฑูุฏ ุงููุฑุณู', '2025-12-07 12:58:49'),
(18, 'send_overdue_notifications', '1', 'boolean', 'email', 'ุฅุฑุณุงู ุฅุดุนุงุฑุงุช ุงูุชุฃุฎูุฑ', '2025-12-07 12:58:49'),
(19, 'send_reminder_before_due', '1', 'boolean', 'email', 'ุฅุฑุณุงู ุชุฐููุฑ ูุจู ุงูุงุณุชุญูุงู', '2025-12-07 12:58:49'),
(20, 'reminder_days_before', '2', 'number', 'email', 'ุนุฏุฏ ุงูุฃูุงู ูุจู ุฅุฑุณุงู ุงูุชุฐููุฑ', '2025-12-07 12:58:49'),
(21, 'require_approval', '1', 'boolean', 'members', 'ูุชุทูุจ ููุงููุฉ ุงููุณุคูู ุนูู ุงูุฃุนุถุงุก ุงูุฌุฏุฏ', '2025-12-07 12:58:49'),
(22, 'min_age', '13', 'number', 'members', 'ุงูุญุฏ ุงูุฃุฏูู ููุนูุฑ ููุชุณุฌูู', '2025-12-07 12:58:49'),
(23, 'card_expiry_period', '365', 'number', 'members', 'ูุฏุฉ ุตูุงุญูุฉ ุงูุจุทุงูุฉ (ุจุงูุฃูุงู)', '2025-12-07 12:58:49');

-- --------------------------------------------------------

--
-- Structure de la table `users`
--

CREATE TABLE `users` (
  `id` int(11) NOT NULL,
  `name` varchar(150) NOT NULL,
  `username` varchar(100) DEFAULT NULL,
  `email` varchar(150) NOT NULL,
  `avatar` varchar(255) DEFAULT NULL,
  `password_hash` varchar(255) NOT NULL,
  `role` enum('admin','librarian','member') NOT NULL DEFAULT 'member',
  `status` enum('active','inactive','blocked') NOT NULL DEFAULT 'active',
  `is_approved` tinyint(1) DEFAULT 0,
  `approved_by` int(11) DEFAULT NULL,
  `approved_at` timestamp NULL DEFAULT NULL,
  `created_at` datetime DEFAULT current_timestamp()
) ENGINE=InnoDB DEFAULT CHARSET=utf8mb4 COLLATE=utf8mb4_unicode_ci;

--
-- Dรฉchargement des donnรฉes de la table `users`
--

INSERT INTO `users` (`id`, `name`, `username`, `email`, `avatar`, `password_hash`, `role`, `status`, `is_approved`, `approved_by`, `approved_at`, `created_at`) VALUES
(1, 'ุงููุฏูุฑ ุงูุงูุชุฑุงุถู', NULL, 'admin@mktaba.dz', NULL, '$2y$10$7DG3uMKPnw9TwgMqQuRqMOLaYDrntyYCxFwJUxpoi4APJON3ZNql.', 'admin', 'active', 0, NULL, NULL, '2025-11-27 21:57:10'),
(2, 'brahim ouled hadj brahim', 'ohbrahim', 'admin2@mktaba.dz', 'avatar_2_1764625264.JPG', '$2y$10$ZrZV7VEKfEd5w083mcVBQOldSSrjexph7NkbBGAXjC5sOGAYfFAk.', 'librarian', 'active', 1, 1, '2025-12-04 16:13:14', '2025-11-27 22:22:25'),
(4, 'ูุฌูู', NULL, 'admin3@mktaba.dz', 'avatar_1764632216_5826.JPG', '$2y$10$EKYrIydivC6H7IFoye.NEumlVXnR14G.Ol/clm7Bs9pHrJ1gEqgXm', 'member', 'active', 1, 1, '2025-12-04 16:13:18', '2025-12-02 00:36:56'),
(6, 'hamed', NULL, 'admin4@mktaba.dz', NULL, '$2y$10$BW0Qxp3uHTkZVrSAMXnMie5v4zU6f0dZAHPRbk.tNTR6RsCBy5M1q', 'member', 'active', 1, 1, '2025-12-04 16:13:54', '2025-12-04 15:56:01'),
(7, 'ููุงู', NULL, 'moi.ogx@gmail.com', NULL, '$2y$10$rouT7YfapZMuEuXF9fNQuuDigW7vL9qWOef1D7w/b0tsm3Astp39a', 'member', 'active', 1, NULL, NULL, '2025-12-06 15:07:06'),
(8, 'ุนุจุฏ ุงููุงุฏุฑ', NULL, 'admin10@mktaba.dz', NULL, '$2y$10$yacDOUXoQF9pTmKDMDYqpuG.5ZogW/URPuMFZyR1rI.S7uvjmOB7G', 'member', 'active', 1, NULL, NULL, '2025-12-08 20:57:57'),
(9, 'ููุงู', NULL, 'admin20@mktaba.dz', NULL, '$2y$10$PdHcTiGTdV4A46IfRaJI2e94NTss3c0KkpjPD8sEwr1DECxQPNatm', 'member', 'active', 1, NULL, NULL, '2025-12-09 22:40:46');

-- --------------------------------------------------------

--
-- Structure de la table `visitor_stats`
--

CREATE TABLE `visitor_stats` (
  `id` int(11) NOT NULL,
  `visit_date` date NOT NULL,
  `visit_count` int(11) DEFAULT 0
) ENGINE=InnoDB DEFAULT CHARSET=utf8mb4 COLLATE=utf8mb4_unicode_ci;

--
-- Dรฉchargement des donnรฉes de la table `visitor_stats`
--

INSERT INTO `visitor_stats` (`id`, `visit_date`, `visit_count`) VALUES
(1, '2025-12-04', 4),
(5, '2025-12-05', 2),
(7, '2025-12-06', 2),
(9, '2025-12-07', 4),
(13, '2025-12-08', 4),
(17, '2025-12-09', 3),
(20, '2025-12-10', 16),
(36, '2025-12-11', 2);

-- --------------------------------------------------------

-- Index pour les tables dรฉchargรฉes
--

--
-- Index pour la table `activity_logs`
--
ALTER TABLE `activity_logs`
  ADD PRIMARY KEY (`id`),
  ADD KEY `user_id` (`user_id`),
  ADD KEY `created_at` (`created_at`);

--
-- Index pour la table `announcements`
--
ALTER TABLE `announcements`
  ADD PRIMARY KEY (`id`);

--
-- Index pour la table `authors`
--
ALTER TABLE `authors`
  ADD PRIMARY KEY (`id`);

--
-- Index pour la table `books`
--
ALTER TABLE `books`
  ADD PRIMARY KEY (`id`),
  ADD KEY `category_id` (`category_id`),
  ADD KEY `publisher_id` (`publisher_id`);

--
-- Index pour la table `book_authors`
--
ALTER TABLE `book_authors`
  ADD PRIMARY KEY (`id`),
  ADD KEY `book_id` (`book_id`),
  ADD KEY `author_id` (`author_id`);

--
-- Index pour la table `book_copies`
--
ALTER TABLE `book_copies`
  ADD PRIMARY KEY (`id`),
  ADD UNIQUE KEY `copy_code` (`copy_code`),
  ADD KEY `book_id` (`book_id`),
  ADD KEY `status_idx` (`status`);

--
-- Index pour la table `book_reservations`
--
ALTER TABLE `book_reservations`
  ADD PRIMARY KEY (`id`),
  ADD KEY `member_id` (`member_id`),
  ADD KEY `idx_status` (`status`),
  ADD KEY `idx_book_status` (`book_id`,`status`);

--
-- Index pour la table `categories`
--
ALTER TABLE `categories`
  ADD PRIMARY KEY (`id`);

--
-- Index pour la table `external_links`
--
ALTER TABLE `external_links`
  ADD PRIMARY KEY (`id`);

--
-- Index pour la table `favorites`
--
ALTER TABLE `favorites`
  ADD PRIMARY KEY (`id`),
  ADD UNIQUE KEY `user_book_unique` (`user_id`,`book_id`),
  ADD KEY `book_id` (`book_id`);

--
-- Index pour la table `loans`
--
ALTER TABLE `loans`
  ADD PRIMARY KEY (`id`),
  ADD KEY `member_id` (`member_id`),
  ADD KEY `copy_id` (`copy_id`);

--
-- Index pour la table `logs`
--
ALTER TABLE `logs`
  ADD PRIMARY KEY (`id`),
  ADD KEY `user_id` (`user_id`);

--
-- Index pour la table `members`
--
ALTER TABLE `members`
  ADD PRIMARY KEY (`id`),
  ADD UNIQUE KEY `card_number` (`card_number`),
  ADD KEY `user_id` (`user_id`);

--
-- Index pour la table `news`
--
ALTER TABLE `news`
  ADD PRIMARY KEY (`id`);

--
-- Index pour la table `notifications`
--
ALTER TABLE `notifications`
  ADD PRIMARY KEY (`id`),
  ADD KEY `idx_user_id` (`user_id`),
  ADD KEY `idx_is_read` (`is_read`),
  ADD KEY `idx_created_at` (`created_at`),
  ADD KEY `idx_user_read` (`user_id`,`is_read`);

--
-- Index pour la table `password_resets`
--
ALTER TABLE `password_resets`
  ADD PRIMARY KEY (`id`),
  ADD UNIQUE KEY `token` (`token`),
  ADD KEY `user_id` (`user_id`);

--
-- Index pour la table `payments`
--
ALTER TABLE `payments`
  ADD PRIMARY KEY (`id`),
  ADD KEY `idx_loan` (`loan_id`),
  ADD KEY `idx_member` (`member_id`);

--
-- Index pour la table `permissions`
--
ALTER TABLE `permissions`
  ADD PRIMARY KEY (`id`),
  ADD UNIQUE KEY `role_module` (`role`,`module`);

--
-- Index pour la table `publishers`
--
ALTER TABLE `publishers`
  ADD PRIMARY KEY (`id`);

--
-- Index pour la table `push_subscriptions`
--
ALTER TABLE `push_subscriptions`
  ADD PRIMARY KEY (`id`),
  ADD UNIQUE KEY `idx_push_endpoint` (`endpoint`(255));

--
-- Index pour la table `reservations`
--
ALTER TABLE `reservations`
  ADD PRIMARY KEY (`id`),
  ADD KEY `member_id` (`member_id`),
  ADD KEY `book_id` (`book_id`);

--
-- Index pour la table `role_permissions`
--
ALTER TABLE `role_permissions`
  ADD PRIMARY KEY (`id`),
  ADD UNIQUE KEY `role_module` (`role`,`module`);

--
-- Index pour la table `settings`
--
ALTER TABLE `settings`
  ADD PRIMARY KEY (`id`),
  ADD UNIQUE KEY `name` (`name`);

--
-- Index pour la table `site_settings`
--
ALTER TABLE `site_settings`
  ADD PRIMARY KEY (`id`),
  ADD UNIQUE KEY `setting_key` (`setting_key`);

--
-- Index pour la table `system_settings`
--
ALTER TABLE `system_settings`
  ADD PRIMARY KEY (`id`),
  ADD UNIQUE KEY `uk_setting_key` (`setting_key`);

--
-- Index pour la table `users`
--
ALTER TABLE `users`
  ADD PRIMARY KEY (`id`),
  ADD UNIQUE KEY `email` (`email`);

--
-- Index pour la table `visitor_stats`
--
ALTER TABLE `visitor_stats`
  ADD PRIMARY KEY (`id`),
  ADD UNIQUE KEY `visit_date` (`visit_date`);

--
-- AUTO_INCREMENT pour les tables dรฉchargรฉes
--

--
-- AUTO_INCREMENT pour la table `activity_logs`
--
ALTER TABLE `activity_logs`
  MODIFY `id` int(11) NOT NULL AUTO_INCREMENT, AUTO_INCREMENT=23;

--
-- AUTO_INCREMENT pour la table `announcements`
--
ALTER TABLE `announcements`
  MODIFY `id` int(11) NOT NULL AUTO_INCREMENT, AUTO_INCREMENT=10;

--
-- AUTO_INCREMENT pour la table `authors`
--
ALTER TABLE `authors`
  MODIFY `id` int(11) NOT NULL AUTO_INCREMENT, AUTO_INCREMENT=2;

--
-- AUTO_INCREMENT pour la table `books`
--
ALTER TABLE `books`
  MODIFY `id` int(11) NOT NULL AUTO_INCREMENT, AUTO_INCREMENT=20;

--
-- AUTO_INCREMENT pour la table `book_authors`
--
ALTER TABLE `book_authors`
  MODIFY `id` int(11) NOT NULL AUTO_INCREMENT;

--
-- AUTO_INCREMENT pour la table `book_copies`
--
ALTER TABLE `book_copies`
  MODIFY `id` int(11) NOT NULL AUTO_INCREMENT, AUTO_INCREMENT=29;

--
-- AUTO_INCREMENT pour la table `book_reservations`
--
ALTER TABLE `book_reservations`
  MODIFY `id` int(11) NOT NULL AUTO_INCREMENT, AUTO_INCREMENT=4;

--
-- AUTO_INCREMENT pour la table `categories`
--
ALTER TABLE `categories`
  MODIFY `id` int(11) NOT NULL AUTO_INCREMENT, AUTO_INCREMENT=12;

--
-- AUTO_INCREMENT pour la table `external_links`
--
ALTER TABLE `external_links`
  MODIFY `id` int(11) NOT NULL AUTO_INCREMENT, AUTO_INCREMENT=8;

--
-- AUTO_INCREMENT pour la table `favorites`
--
ALTER TABLE `favorites`
  MODIFY `id` int(11) NOT NULL AUTO_INCREMENT;

--
-- AUTO_INCREMENT pour la table `loans`
--
ALTER TABLE `loans`
  MODIFY `id` int(11) NOT NULL AUTO_INCREMENT, AUTO_INCREMENT=21;

--
-- AUTO_INCREMENT pour la table `logs`
--
ALTER TABLE `logs`
  MODIFY `id` int(11) NOT NULL AUTO_INCREMENT, AUTO_INCREMENT=20;

--
-- AUTO_INCREMENT pour la table `members`
--
ALTER TABLE `members`
  MODIFY `id` int(11) NOT NULL AUTO_INCREMENT, AUTO_INCREMENT=7;

--
-- AUTO_INCREMENT pour la table `news`
--
ALTER TABLE `news`
  MODIFY `id` int(11) NOT NULL AUTO_INCREMENT, AUTO_INCREMENT=14;

--
-- AUTO_INCREMENT pour la table `notifications`
--
ALTER TABLE `notifications`
  MODIFY `id` int(11) NOT NULL AUTO_INCREMENT, AUTO_INCREMENT=26;

--
-- AUTO_INCREMENT pour la table `password_resets`
--
ALTER TABLE `password_resets`
  MODIFY `id` int(11) NOT NULL AUTO_INCREMENT, AUTO_INCREMENT=10;

--
-- AUTO_INCREMENT pour la table `payments`
--
ALTER TABLE `payments`
  MODIFY `id` int(11) NOT NULL AUTO_INCREMENT;

--
-- AUTO_INCREMENT pour la table `permissions`
--
ALTER TABLE `permissions`
  MODIFY `id` int(11) NOT NULL AUTO_INCREMENT;

--
-- AUTO_INCREMENT pour la table `publishers`
--
ALTER TABLE `publishers`
  MODIFY `id` int(11) NOT NULL AUTO_INCREMENT, AUTO_INCREMENT=8;

--
-- AUTO_INCREMENT pour la table `push_subscriptions`
--
ALTER TABLE `push_subscriptions`
  MODIFY `id` int(11) NOT NULL AUTO_INCREMENT, AUTO_INCREMENT=4;

--
-- AUTO_INCREMENT pour la table `reservations`
--
ALTER TABLE `reservations`
  MODIFY `id` int(11) NOT NULL AUTO_INCREMENT;

--
-- AUTO_INCREMENT pour la table `role_permissions`
--
ALTER TABLE `role_permissions`
  MODIFY `id` int(11) NOT NULL AUTO_INCREMENT;

--
-- AUTO_INCREMENT pour la table `settings`
--
ALTER TABLE `settings`
  MODIFY `id` int(11) NOT NULL AUTO_INCREMENT, AUTO_INCREMENT=61;

--
-- AUTO_INCREMENT pour la table `site_settings`
--
ALTER TABLE `site_settings`
  MODIFY `id` int(11) NOT NULL AUTO_INCREMENT, AUTO_INCREMENT=12;

--
-- AUTO_INCREMENT pour la table `system_settings`
--
ALTER TABLE `system_settings`
  MODIFY `id` int(11) NOT NULL AUTO_INCREMENT, AUTO_INCREMENT=24;

--
-- AUTO_INCREMENT pour la table `users`
--
ALTER TABLE `users`
  MODIFY `id` int(11) NOT NULL AUTO_INCREMENT, AUTO_INCREMENT=10;

--
-- AUTO_INCREMENT pour la table `visitor_stats`
--
ALTER TABLE `visitor_stats`
  MODIFY `id` int(11) NOT NULL AUTO_INCREMENT, AUTO_INCREMENT=38;

--
-- Contraintes pour les tables dรฉchargรฉes
--

--
-- Contraintes pour la table `activity_logs`
--
ALTER TABLE `activity_logs`
  ADD CONSTRAINT `activity_logs_ibfk_1` FOREIGN KEY (`user_id`) REFERENCES `users` (`id`) ON DELETE SET NULL;

--
-- Contraintes pour la table `books`
--
ALTER TABLE `books`
  ADD CONSTRAINT `books_ibfk_1` FOREIGN KEY (`category_id`) REFERENCES `categories` (`id`),
  ADD CONSTRAINT `books_ibfk_2` FOREIGN KEY (`publisher_id`) REFERENCES `publishers` (`id`);

--
-- Contraintes pour la table `book_authors`
--
ALTER TABLE `book_authors`
  ADD CONSTRAINT `book_authors_ibfk_1` FOREIGN KEY (`book_id`) REFERENCES `books` (`id`),
  ADD CONSTRAINT `book_authors_ibfk_2` FOREIGN KEY (`author_id`) REFERENCES `authors` (`id`);

--
-- Contraintes pour la table `book_copies`
--
ALTER TABLE `book_copies`
  ADD CONSTRAINT `book_copies_ibfk_1` FOREIGN KEY (`book_id`) REFERENCES `books` (`id`);

--
-- Contraintes pour la table `book_reservations`
--
ALTER TABLE `book_reservations`
  ADD CONSTRAINT `book_reservations_ibfk_1` FOREIGN KEY (`book_id`) REFERENCES `books` (`id`) ON DELETE CASCADE,
  ADD CONSTRAINT `book_reservations_ibfk_2` FOREIGN KEY (`member_id`) REFERENCES `members` (`id`) ON DELETE CASCADE;

--
-- Contraintes pour la table `favorites`
--
ALTER TABLE `favorites`
  ADD CONSTRAINT `favorites_ibfk_1` FOREIGN KEY (`user_id`) REFERENCES `users` (`id`) ON DELETE CASCADE,
  ADD CONSTRAINT `favorites_ibfk_2` FOREIGN KEY (`book_id`) REFERENCES `books` (`id`) ON DELETE CASCADE;

--
-- Contraintes pour la table `loans`
--
ALTER TABLE `loans`
  ADD CONSTRAINT `loans_ibfk_1` FOREIGN KEY (`member_id`) REFERENCES `members` (`id`),
  ADD CONSTRAINT `loans_ibfk_2` FOREIGN KEY (`copy_id`) REFERENCES `book_copies` (`id`);

--
-- Contraintes pour la table `logs`
--
ALTER TABLE `logs`
  ADD CONSTRAINT `logs_ibfk_1` FOREIGN KEY (`user_id`) REFERENCES `users` (`id`);

--
-- Contraintes pour la table `members`
--
ALTER TABLE `members`
  ADD CONSTRAINT `members_ibfk_1` FOREIGN KEY (`user_id`) REFERENCES `users` (`id`);

--
-- Contraintes pour la table `notifications`
--
ALTER TABLE `notifications`
  ADD CONSTRAINT `notifications_user_fk` FOREIGN KEY (`user_id`) REFERENCES `users` (`id`) ON DELETE CASCADE;

--
-- Contraintes pour la table `password_resets`
--
ALTER TABLE `password_resets`
  ADD CONSTRAINT `password_resets_ibfk_1` FOREIGN KEY (`user_id`) REFERENCES `users` (`id`) ON DELETE CASCADE;

--
-- Contraintes pour la table `reservations`
--
ALTER TABLE `reservations`
  ADD CONSTRAINT `reservations_ibfk_1` FOREIGN KEY (`member_id`) REFERENCES `members` (`id`),
  ADD CONSTRAINT `reservations_ibfk_2` FOREIGN KEY (`book_id`) REFERENCES `books` (`id`);
COMMIT;

/*!40101 SET CHARACTER_SET_CLIENT=@OLD_CHARACTER_SET_CLIENT */;
/*!40101 SET CHARACTER_SET_RESULTS=@OLD_CHARACTER_SET_RESULTS */;
/*!40101 SET COLLATION_CONNECTION=@OLD_COLLATION_CONNECTION */;
